id,itemid,probability,level_min,level_max,level_boss
0,10056,400,1,250,250
1,12041|12041|10101|12041|12041|10120|12041|12041|12042|12042|12099|10056|12100|10057|12043|12043|10120|10058|12045|10102|12045|12045|10102|12112|12112|12112,500|500|400|500|500|400|500|500|500|500|500|400|500|400|500|500|400|400|500|400|500|500|400|500|500|500,1,250,250
2,12052|12052|12053|10107|12053|12117|12054|12099|12055|12055|12055|10056|12056|10057|10104|10122|12058|10058|12058|12058|10104|12117|12117|12117|10381|10383,500|500|500|400|500|500|500|500|500|500|500|400|500|400|400|400|500|400|500|500|400|500|500|500|400|400,1,250,250
3,10056,400,1,250,250
4,10056,400,1,250,250
5,10056,400,1,250,250
6,10056,400,1,250,250
7,10056,400,1,250,250
8,10056,400,1,250,250
9,10056,400,1,250,250
10,10056,400,1,250,250
11,12074|12074|12075|12074|12076|12075|12076|12076|12075|10181|10181|10182|12075|12077|12075|10182|12078|12076|10183|12078|12077|12077|12078|12162|12164|12161|12163|12163|12162|12164,500|500|500|500|500|500|500|500|500|400|400|400|500|500|500|400|500|500|400|500|500|500|500|500|500|500|500|500|500|500,1,250,250
12,10056,400,1,250,250
13,10056,400,1,250,250
14,10056,400,1,250,250
15,10056,400,1,250,250
16,10056,400,1,250,250
17,10056,400,1,250,250
18,10056,400,1,250,250
19,10056,400,1,250,250
20,12031|12031|12031|10101|12031|10102|12031|12031|12031|12032|12032|12032|12032|10057|12032|12033|10120|12033|10058|12033|12033|10101|10101,500|500|500|400|500|400|500|500|500|500|500|500|500|400|500|500|400|500|400|500|500|400|400,1,250,250
21,12002|10103|12002|10105|12102|12099|12002|12002|12002|12003|12003|10056|12003|12004|10057|10121|12004|10058|10103|12005|10103|12116|12116|12116|12116,500|400|500|400|500|500|500|500|500|500|500|400|500|500|400|400|500|400|400|500|400|500|500|500|500,1,250,250
22,12041|10122|12041|12041|10104|12041|12102|12042|12042|12043|12043|10056|12111|10057|10120|12111|10058|12111|10102|10102|10102,500|400|500|500|400|500|500|500|500|500|500|400|500|400|400|500|400|500|400|400|400,1,250,250
23,12042|12042|10102|12097|12042|10103|12043|12043|10056|12044|12044|12044|12045|12046|10057|10121|12047|10058|12047|12047|10104|12122|12122|10104,500|500|400|500|500|400|500|500|400|500|500|500|500|500|400|400|500|400|500|500|400|500|500|400,1,250,250
24,12001|12001|10105|12001|12092|12091|10106|12002|12003|12003|10056|12003|12004|10057|12004|12005|12005|12006|10058|10120|12006|10105|12007|10105|12126|12126|10382|12126|12126,500|500|400|500|500|500|400|500|500|500|400|500|500|400|500|500|500|500|400|400|500|400|500|400|500|500|400|500|500,1,250,250
25,12032|10122|12032|12099|10108|12033|12102|12099|12034|10107|12102|10057|12035|12036|12036|12037|10058|10121|12037|10106|12121|12121|10121|10383,500|400|500|500|400|500|500|500|500|400|500|400|500|500|500|500|400|400|500|400|500|500|400|400,1,250,250
26,12034|12095|10107|12034|12095|12034|12035|12035|12094|12036|10056|12037|12038|10057|12038|12039|10107|12040|10058|10122|12127|10107|12127|10381,500|500|400|500|500|500|500|500|500|500|400|500|500|400|500|500|400|500|400|400|500|400|500|400,1,250,250
27,12093|10108|12093|12100|12045|12056|12046|12057|10056|12047|12044|10057|12058|12048|12049|12059|10058|12113|12046|12060|12050|12114|12048|12049|10381|12115|12059,500|400|500|500|500|500|500|500|400|500|500|400|500|500|500|500|400|500|500|500|500|500|500|500|400|500|500,1,250,250
28,12004|12004|10109|12004|12101|12113|12005|12005|12006|12006|10056|12007|10057|12007|12008|12008|12009|10058|12009|12006|12010|12119|12010|12120|10382,500|500|400|500|500|500|500|500|500|500|400|500|400|500|500|500|500|400|500|500|500|500|500|500|400,1,250,250
29,10056,400,1,250,250
30,10056,400,1,250,250
31,12043|12044|12043|12071|12045|12061|10056|12111|12046|12072|10057|12116|12062|10057|12047|12116|12048|10058|12073|12126|12063|10107|10381|10382,500|500|500|500|500|500|400|500|500|500|400|500|500|400|500|500|500|400|500|500|500|400|400|400,1,250,250
32,12005|12006|12072|12061|12007|12071|10056|12112|12062|12073|10057|12117|10057|12063|12008|12122|12074|12064|10058|12075|12123|12127|12009|12076|12124|10383|12065,500|500|500|500|500|500|400|500|500|500|400|500|400|500|500|500|500|500|400|500|500|500|500|500|500|400|500,1,250,250
33,12006|12118|12006|12007|12062|12073|12062|12073|12113|10056|10057|12063|12008|10057|12064|12075|12113|12123|10058|12076|12065|12009|12128|12077|12010|12066|10383|12129|12130,500|500|500|500|500|500|500|500|500|400|400|500|500|400|500|500|500|500|400|500|500|500|500|500|500|500|400|500|500,1,250,250
34,10056,400,1,250,250
35,10056,400,1,250,250
36,10056,400,1,250,250
37,10376|10994|10374|10991|10372|10928|10995|10375|10993|10373|10929|10371|10927|10926|10925|10924|10923|10922|10921|10921|10922|10923|10924|10925|10926|10927|10928|10929|10991|10993,400|400|400|400|400|400|400|400|400|400|400|400|400|400|400|400|400|400|400|400|400|400|400|400|400|400|400|400|400|400,1,250,250
38,10056,400,1,250,250
39,10056,400,1,250,250
40,10056,400,1,250,250
41,10056,400,1,250,250
42,10056,400,1,250,250
43,10056,400,1,250,250
44,10056,400,1,250,250
45,10056,400,1,250,250
46,10056,400,1,250,250
47,10056,400,1,250,250
48,10056,400,1,250,250
49,10056,400,1,250,250
50,10056,400,1,250,250
51,12011|12011|12118|12011|12012|12144|12074|12063|12012|12074|12063|10057|12075|12012|12064|12013|10322|12076|12013|12065|12013|10323|12013|12014|10381|12014|12014,500|500|500|500|500|500|500|500|500|500|500|400|500|500|500|500|400|500|500|500|500|400|500|500|400|500|500,1,250,250
52,12011|12012|12012|12118|12013|12144|12064|12013|12076|12078|10057|12078|12064|12014|12079|10322|12065|12014|12066|12015|12066|10323|12015|12015|12015|10381|12016,500|500|500|500|500|500|500|500|500|500|400|500|500|500|500|400|500|500|500|500|500|400|500|500|500|400|500,1,250,250
53,12012|12012|12118|12119|12013|12144|12014|12065|12078|10057|12065|12078|12015|12079|12066|12066|12080|12067|10323|12067|10323|12015|12016|12016|10382|12016|12016,500|500|500|500|500|500|500|500|500|400|500|500|500|500|500|500|500|500|400|500|400|500|500|500|400|500|500,1,250,250
54,12013|12013|12014|12119|12065|12144|12078|12016|12079|10057|12065|10058|12078|12015|12080|12081|10323|12067|12016|12067|12017|12016|12017|10383,500|500|500|500|500|500|500|500|500|400|500|400|500|500|500|500|400|500|500|500|500|500|500|400,1,250,250
55,12014|12014|12014|12015|12120|12144|12066|12079|12016|12066|10057|12079|12017|12080|12067|12067|12080|12068|10323|12068|10323|12017|12017|12018|12018|10383|12018,500|500|500|500|500|500|500|500|500|500|400|500|500|500|500|500|500|500|400|500|400|500|500|500|500|400|500,1,250,250
56,12015|12015|12015|12015|12144|10154|12015|12015|10174|12016|12016|12016|12017|10309|10310|12018|12018|12018|12018|12019|10382|12019|12019,500|500|500|500|500|400|500|500|400|500|500|500|500|400|400|500|500|500|500|500|400|500|500,1,250,250
57,12015|12015|12015|12016|12144|12016|12017|10175|12017|12017|12018|10156|12018|12019|10316|12019|12019|12019|12019|12020|10382|12020,500|500|500|500|500|500|500|400|500|500|500|400|500|500|400|500|500|500|500|500|400|500,1,250,250
58,12015|12015|12015|12016|12144|12016|12017|10175|12017|12017|12018|10156|12018|12019|10316|12019|12019|12019|12019|12020|10382|12020,500|500|500|500|500|500|500|400|500|500|500|400|500|500|400|500|500|500|500|500|400|500,1,250,250
59,12063|12064|12077|12076|12062|12077|12061|10182|10182|12065|12078|10183|12066|10183|10184|12078|10185|12079|12161|10186|12162|12163|12163|12164|12164,500|500|500|500|500|500|500|400|400|500|500|400|500|400|400|500|400|500|500|400|500|500|500|500|500,1,250,250
60,10056,400,1,250,250
61,12271|12035|12271|12035|12271|12035|12271|12035|12271|12036|12271|12036|12271|12036|12271|10010|10057|12037|12271|12037|10029|10058|12271|12038|12271|12038|12271|12039|12039|12039,500|500|500|500|500|500|500|500|500|500|500|500|500|500|500|400|400|500|500|500|400|400|500|500|500|500|500|500|500|500,1,250,250
62,12272|12035|12272|12035|12272|12036|12272|12036|12272|12036|12272|12036|12272|12037|12272|10011|10057|12037|12272|12038|10030|10058|12272|12038|12272|12039|12272|12039|12040|12040,500|500|500|500|500|500|500|500|500|500|500|500|500|500|500|400|400|500|500|500|400|400|500|500|500|500|500|500|500|500,1,250,250
63,10056,400,1,250,250
64,10056,400,1,250,250
65,10056,400,1,250,250
66,10056,400,1,250,250
67,10056,400,1,250,250
67,10056,400,1,250,250
68,10056,400,1,250,250
69,10056,400,1,250,250
70,10056,400,1,250,250
71,10056,400,1,250,250
72,10056,400,1,250,250
73,10056,400,1,250,250
74,10056,400,1,250,250
75,10056,400,1,250,250
76,10056,400,1,250,250
77,10056,400,1,250,250
78,10056,400,1,250,250
79,10056,400,1,250,250
80,10056,400,1,250,250
81,10056,400,1,250,250
82,10056,400,1,250,250
83,10056,400,1,250,250
84,10056,400,1,250,250
85,10056,400,1,250,250
86,10056,400,1,250,250
87,10056,400,1,250,250
88,10056,400,1,250,250
89,10056,400,1,250,250
90,10056,400,1,250,250
91,10056,400,1,250,250
92,10056,400,1,250,250
93,10056,400,1,250,250
94,10056,400,1,250,250
95,10056,400,1,250,250
96,10056,400,1,250,250
97,10056,400,1,250,250
98,10056,400,1,250,250
99,10056,400,1,250,250
100,12171|12173|12171|12178|12173|10151|12171|10171|12173|12178|12178|12173|12173|12171|12173|12171|12173|10401|12173|10401|8002|4003|5002|8002|8161|8001|2003|3003|4003|5003,500|500|500|500|500|400|500|400|500|500|500|500|500|500|500|500|500|400|500|400|150|200|200|150|150|150|300|50|200|200,1,250,250
101,12173|12173|12171|12171|12173|12171|12173|10001|12171|12173|10151|12173|12173|10171|12171|12173|12171|12173|10401|12173|10401|4002|3003|8002|4005|5002|8002|2003|3003|4003|5003,500|500|500|500|500|500|500|400|500|500|400|500|500|400|500|500|500|500|400|500|400|200|50|150|200|200|150|300|50|200|200,1,250,250
102,12171|12173|12171|12173|12173|10151|12171|10001|12171|12171|10171|12173|12173|12171|12173|12171|12173|10402|12173|10402|8161|2003|8161|8002|8002|8161|2003|3003|4003|5003,500|500|500|500|500|400|500|400|500|500|400|500|500|500|500|500|500|400|500|400|150|300|150|150|150|150|300|50|200|200,1,250,250
103,12171|10102|12171|12171|12173|10151|12171|10172|12171|12173|12173|12171|12173|12171|12173|10401|12178|10401|3002|2002|8031|5003|8002|8201|2003|3003|4003|5003,500|400|500|500|500|400|500|400|500|500|500|500|500|500|500|400|500|400|50|300|150|200|150|150|300|50|200|200,1,250,250
104,12171|12176|12171|12171|12176|12171|10171|12176|12171|12176|12176|12176|10151|12176|10151|12176|10403|12176|10403|8002|5002|8161|4004|2003|8031|2003|3003|4003|5003,500|500|500|500|500|500|400|500|500|500|500|500|400|500|400|500|400|500|400|150|200|150|200|300|150|300|50|200|200,1,250,250
105,12171|12171|12171|12176|12171|12176|10171|12176|12176|10151|12171|12176|12171|12176|10403|12176|10403|8161|8002|8002|3005|8002|8001|2003|3003|4003|5003,500|500|500|500|500|500|400|500|500|400|500|500|500|500|400|500|400|150|150|150|50|150|150|300|50|200|200,1,250,250
106,12171|12176|10103|12171|12176|10151|10002|12171|12176|12171|12176|12176|12176|12171|12176|12171|12171|12176|10403|12177|10403|12177|8031|4005|3004|8002|5005|8002|2004|3004|4004|5004|8031|8201|8031|8003|8201|8003|8101|8231|8003|8401,500|500|400|500|500|400|400|500|500|500|500|500|500|500|500|500|500|500|400|500|400|500|150|200|50|150|200|150|300|50|200|200|150|150|150|150|150|150|150|150|150|150,1,250,250
107,12171|12176|12171|10171|12171|12176|12171|10002|12171|12171|12176|12176|10151|12171|12176|12171|12171|12176|10403|12177|10403|12177|1007|8201|8002|2005|5006|8161|2004|3004|4004|5004|8031|8201|8031|8101|8031|8301|8401|8032|8031|8101,500|500|500|400|500|500|500|400|500|500|500|500|400|500|500|500|500|500|400|500|400|500|10|150|150|300|200|150|300|50|200|200|150|150|150|150|150|150|150|150|150|150,1,250,250
108,12173|12173|12173|12173|10171|12173|10151|12174|12173|12174|12173|12174|12173|12173|12174|10404|12174|10404|12174|8201|8231|8231|8201|3004|8201|2004|3004|4004|5004,500|500|500|500|400|500|400|500|500|500|500|500|500|500|500|400|500|400|500|150|150|150|150|50|150|300|50|200|200,1,250,250
109,12174|12173|10151|12173|10103|12173|10171|12173|12174|12173|12174|12173|12174|12196|12196|12196|12196|12196|8031|4004|4004|5004|8231|8031|2004|3004|4004|5004|8002|8161|8201|8202|9001|8401|8231|8101|8201|8202,500|500|400|500|400|500|400|500|500|500|500|500|500|500|500|500|500|500|150|200|200|200|150|150|300|50|200|200|150|150|150|150|100|150|150|150|150|150,1,250,250
110,12173|12174|12173|12173|12173|12174|12173|10001|10171|12174|12173|10151|12173|12174|12173|12174|12174|10404|12174|10404|5091|8002|8301|8162|8301|8003|2005|3005|4005|5005|8031|8201|8101|8231|9001|8401|8231|8101|8101|8231,500|500|500|500|500|500|500|400|400|500|500|400|500|500|500|500|500|400|500|400|200|150|150|150|150|150|300|50|200|200|150|150|150|150|100|150|150|150|150|150,1,250,250
111,12173|12174|12173|12173|12173|10151|12173|10001|12173|10172|12173|12174|12173|12174|12173|12174|12174|10404|12184|10404|1007|5121|8231|8002|8162|8101|2005|3005|4005|5005|8231|8301|8401|8032|9001|8032|8331|8401|8401|8032,500|500|500|500|500|400|500|400|500|400|500|500|500|500|500|500|500|400|500|400|10|200|150|150|150|150|300|50|200|200|150|150|150|150|100|150|150|150|150|150,1,250,250
112,12176|10151|12176|10104|12175|12176|10171|12175|10161|12175|12175|12176|12175|12176|12175|12175|10405|12175|10405|8131|8003|8231|8032|8331|8032|2031|3061|4091|5121|8401|8032|8202|8301|9061|8004|8302|8203|8202|8301,500|400|500|400|500|500|400|500|400|500|500|500|500|500|500|500|400|500|400|150|150|150|150|150|150|300|50|200|200|150|150|150|150|100|150|150|150|150|150,1,250,250
113,12176|12175|12176|10171|12175|10161|12176|10151|12176|12175|12175|12176|12175|12176|12175|12175|12175|1007|8231|8003|8231|8401|8331|3031|4061|5091|2121|8032|8331|8231|8331|9061|8004|8102|8203|8231|8331,500|500|500|400|500|400|500|400|500|500|500|500|500|500|500|500|500|10|150|150|150|150|150|50|200|200|300|150|150|150|150|100|150|150|150|150|150,1,250,250
114,12176|12176|12176|12175|12175|12176|10021|12176|12175|12176|12175|12175|12176|12175|12176|12175|12175|12175|8332|8203|8331|8331|8162|8162|2008|3008|4008|5008|8331|8162|8301|8101|9061|8004|8302|8203|8301|8101,500|500|500|500|500|500|400|500|500|500|500|500|500|500|500|500|500|500|150|150|150|150|150|150|300|50|200|200|150|150|150|150|100|150|150|150|150|150,1,250,250
115,12175|12176|12176|12175|12175|12176|10021|12176|12175|12176|12175|12175|12176|12175|12176|12175|12175|10405|12178|10405|8163|8131|8102|8331|8232|8004|5031|2061|3091|4121|8162|8004|8302|8203|9002|8232|8302|8402|8302|8203,500|500|500|500|500|500|400|500|500|500|500|500|500|500|500|500|500|400|500|400|150|150|150|150|150|150|200|300|50|200|150|150|150|150|100|150|150|150|150|150,1,250,250
116,12180|12184|12180|10151|12184|10103|12180|10171|12179|12180|12184|12179|12180|12179|12180|12179|12179|12179|3002|8101|3003|2002|8002|8161|2003|3003|4003|5003,500|500|500|400|500|400|500|400|500|500|500|500|500|500|500|500|500|500|50|150|50|300|150|150|300|50|200|200,1,250,250
117,12180|12184|12180|12180|12184|12179|10151|12184|12184|10171|12180|12184|12179|12180|12179|12180|12179|12179|12179|3002|8031|4005|8002|4005|8201|2004|3004|4004|5004,500|500|500|500|500|500|400|500|500|400|500|500|500|500|500|500|500|500|500|50|150|200|150|200|150|300|50|200|200,1,250,250
118,12180|12184|12180|12184|12179|12180|10022|12180|12179|12180|12184|12196|12179|12196|12196|12196|12196|12179|12196|12196|12196|8331|3002|5006|4006|2007|8301|3031|4061|5091|2121|8003|8101|8202|8231|9001|8162|8331|8032|8231|8331,500|500|500|500|500|500|400|500|500|500|500|500|500|500|500|500|500|500|500|500|500|150|50|200|200|300|150|50|200|200|300|150|150|150|150|100|150|150|150|150|150,1,250,250
119,12180|12184|12180|10171|12184|10151|12180|10022|12184|10161|12180|12184|12179|12180|12179|12180|12179|12179|12179|1007|3002|8101|8202|8162|8401|5031|2061|3091|4121|8301|8401|8032|8331|9001,500|500|500|400|500|400|500|400|500|400|500|500|500|500|500|500|500|500|500|10|50|150|150|150|150|200|300|50|200|150|150|150|150|100,1,250,250
120,12180|12184|10172|12180|12184|12179|10161|10002|12190|12179|10151|12184|12190|12179|12180|12179|12180|12179|12179|12181|8331|8302|8003|8032|8004|8402|2031|3061|4091|5121|8162|8331|8004|8102|9061|8004|8102|8203|8004|8102,500|500|400|500|500|500|400|400|500|500|400|500|500|500|500|500|500|500|500|500|150|150|150|150|150|150|300|50|200|200|150|150|150|150|100|150|150|150|150|150,1,250,250
121,12182|12184|10171|12182|12184|10164|12182|10021|12184|10154|12182|12184|12190|12183|12182|12183|12182|7251|12183|12183|7090|10306|8432|8234|8261|8431|8006|8304|2012|3012|4012|5012|8164|8006|8104|8205|9003|8531|8501|8671|8701|8611,500|500|400|500|500|400|500|400|500|400|500|500|500|500|500|500|500|100|500|500|100|400|150|150|150|150|150|150|300|50|200|200|150|150|150|150|100|150|150|150|150|150,1,250,250
122,12182|12184|12190|10154|12184|12183|10171|10022|12190|10164|12182|12184|12190|12183|12182|12183|12182|7261|12183|10307|10307|8304|8006|8432|8164|8431|8404|3032|4062|5092|2122|8234|8304|8404|8035|9003|8791|2413|3513|4613|5222,500|500|500|400|500|500|400|400|500|400|500|500|500|500|500|500|500|100|500|400|400|150|150|150|150|150|150|50|200|200|300|150|150|150|150|100|150|300|50|200|200,1,250,250
123,12184|12182|10172|12184|10154|12182|10023|12190|12183|10164|12184|12190|12183|12182|12183|12182|7271|12183|12190|12190|7092|10308|8261|3032|8304|8006|8006|8035|4032|5062|2092|3122|8133|8262|8334|8432|9063|8036|8263|8433|8641|8672,500|500|400|500|400|500|400|500|500|400|500|500|500|500|500|500|100|500|500|500|100|400|150|50|150|150|150|150|200|200|300|50|150|150|150|150|100|150|150|150|150|150,1,250,250
124,12176|10151|12176|12176|10103|12177|10161|12176|10171|12176|12177|12177|12176|12177|12176|12177|10406|12177|10406|12177|3121|4031|4091|3061|5121|8401|2005|3005|4005|5005,500|400|500|500|400|500|400|500|400|500|500|500|500|500|500|500|400|500|400|500|50|200|200|50|200|150|300|50|200|200,1,250,250
125,12176|12177|10171|12177|12176|12176|12177|12176|12177|12177|12176|12177|12176|12177|10406|12177|10406|12177|2091|3121|4091|3061|4091|8032|2005|3005|4005|5005,500|500|400|500|500|500|500|500|500|500|500|500|500|500|400|500|400|500|300|50|200|50|200|150|300|50|200|200,1,250,250
126,12177|12175|12177|12177|12175|12175|12177|10001|10171|12175|12177|12175|12196|12175|12196|12175|12196|12196|12175|10407|12175|10407|12175|5061|4091|3061|4091|3061|8331|2006|3006|4006|5006|8101|8003|8202|8231|9002,500|500|500|500|500|500|500|400|400|500|500|500|500|500|500|500|500|500|500|400|500|400|500|200|200|50|200|50|150|300|50|200|200|150|150|150|150|100,1,250,250
127,12177|12177|10171|12175|10161|10002|12177|12175|10151|12175|12175|12177|12175|12177|12175|12175|10407|12175|10407|12175|2091|3121|2006|4091|4091|8162|5031|2061|3091|4121|8301|8401|8032|8331|9002|8331|8032|8162|8301|8401,500|500|400|500|400|400|500|500|400|500|500|500|500|500|500|500|400|500|400|500|300|50|300|200|200|150|200|300|50|200|150|150|150|150|100|150|150|150|150|150,1,250,250
128,12177|12181|12177|10151|12181|10171|10021|12177|10161|12177|12181|12181|12177|12181|12177|12181|12181|12181|8004|8302|8102|8232|8402|8163|2009|3009|4009|5009|8004|8102|8203|8302|9061|8004|8102|8203|8302|8332,500|500|500|400|500|400|400|500|400|500|500|500|500|500|500|500|500|500|150|150|150|150|150|150|300|50|200|200|150|150|150|150|100|150|150|150|150|150,1,250,250
129,12181|12177|10161|12181|12181|10151|10022|12177|12181|10171|12181|12181|12177|12181|12177|12181|12181|12181|8302|2062|8203|8302|8033|8005|4031|5061|2091|3121|8402|8033|8131|8332|9062|8402|8033|8131|8332|8203,500|500|400|500|500|400|400|500|500|400|500|500|500|500|500|500|500|500|150|300|150|150|150|150|200|200|300|50|150|150|150|150|100|150|150|150|150|150,1,250,250
130,12177|12181|10171|12177|12181|12177|10023|12177|10162|12196|10152|12196|12196|12177|12181|12177|12181|7271|12197|12197|12197|3092|4122|8103|8403|8303|8403|5032|2062|3092|4122|8163|8005|8103|8204|6222|8132|8034|8164|8531|8761,500|500|400|500|500|500|400|500|400|500|400|500|500|500|500|500|500|100|500|500|500|50|200|150|150|150|150|200|300|50|200|150|150|150|150|10|150|150|150|150|150,1,250,250
131,12175|12175|10171|10101|12176|10161|12175|10151|12175|12176|12176|12175|12176|12175|12176|12176|10408|12176|10408|12176|8162|8032|5121|2031|3091|8301|2005|3005|4005|5005,500|500|400|400|500|400|500|400|500|500|500|500|500|500|500|500|400|500|400|500|150|150|200|300|50|150|300|50|200|200,1,250,250
132,12175|12176|10151|12175|10171|12175|12175|10161|12175|12176|12176|12175|12176|12175|12176|12176|10408|12176|10408|12176|2091|8101|8162|5031|8162|8401|2005|3005|4005|5005|8031|8003|8101|8202|9001,500|500|400|500|400|500|500|400|500|500|500|500|500|500|500|500|400|500|400|500|300|150|150|200|150|150|300|50|200|200|150|150|150|150|100,1,250,250
133,12175|12176|12175|10171|12178|12176|10161|10002|12175|10151|12175|12176|12176|12175|12176|12175|12176|12176|10408|12176|10408|12176|8131|4091|8202|8003|8202|8032|3032|4062|5092|2122|8231|8301|8401|8032|9061,500|500|500|400|500|500|400|400|500|400|500|500|500|500|500|500|500|500|400|500|400|500|150|200|150|150|150|150|50|200|200|300|150|150|150|150|100,1,250,250
134,12175|10171|12175|10101|10161|12175|10002|10151|12176|12175|12176|12176|12175|12176|12175|12176|12176|10409|12176|10409|12176|8162|8101|8162|8032|8231|8331|5031|2061|3091|4121|8331|8032|8401|8231|9002,500|400|500|400|400|500|400|400|500|500|500|500|500|500|500|500|500|400|500|400|500|150|150|150|150|150|150|200|300|50|200|150|150|150|150|100,1,250,250
135,12175|12178|10171|12175|12176|10151|12178|12175|10161|12175|12176|12176|12175|12176|12175|12176|12176|10409|12176|10409|12176|7082|2121|3031|8202|8401|8231|8162|2031|3061|4091|5121|8202|8101|8003|8032|9062|8162|8004|8102|8003|8032,500|500|400|500|500|400|500|500|400|500|500|500|500|500|500|500|500|400|500|400|500|100|300|50|150|150|150|150|300|50|200|200|150|150|150|150|100|150|150|150|150|150,1,250,250
136,12176|12178|12176|10171|10161|12176|12176|12172|10151|12172|12172|12176|12172|12176|12172|12172|10410|12172|10410|12172|1008|8401|8231|8301|8032|8101|3031|4061|5091|2121|8162|8331|8032|8401|9002|8162|8331|8032|8401|5505,500|500|500|400|400|500|500|500|400|500|500|500|500|500|500|500|400|500|400|500|10|150|150|150|150|150|50|200|200|300|150|150|150|150|100|150|150|150|150|200,1,250,250
137,12176|12172|10161|12176|12178|10171|12176|10002|12176|10151|12178|12172|12172|12176|12172|12176|12172|12172|10410|12172|10410|8402|8162|8301|8331|8202|8202|8162|8331|8003|8101|5031|2061|3091|4121|9062|8033|8131|8332|8102|8162,500|500|400|500|500|400|500|400|500|400|500|500|500|500|500|500|500|500|400|500|400|150|150|150|150|150|150|150|150|150|150|200|300|50|200|100|150|150|150|150|150,1,250,250
138,10171|12191|12191|10161|12191|10002|10151|12192|12191|12192|12192|12191|12192|12191|12192|12192|10411|12192|10411|7088|4008|8004|8401|8203|8402|8231|8032|8162|8004|8101|2031|3061|4091|5121|9002|8004|8162|8331|8102|4503,400|500|500|400|500|400|400|500|500|500|500|500|500|500|500|500|400|500|400|100|200|150|150|150|150|150|150|150|150|150|300|50|200|200|100|150|150|150|150|200,1,250,250
139,12191|12192|12191|10161|10101|12192|10151|12191|10171|12191|12192|12192|12191|12192|12191|12192|12192|10411|12192|10411|2310|8332|8032|8131|8033|8004|8102|8203|8232|8302|3031|4061|5091|2121|9003|8102|8004|8203|8232|3603,500|500|500|400|400|500|400|500|400|500|500|500|500|500|500|500|500|400|500|400|300|150|150|150|150|150|150|150|150|150|50|200|200|300|100|150|150|150|150|50,1,250,250
140,12176|12176|10151|12172|10171|10161|12172|12196|12172|12196|12172|12176|12172|12176|12196|12172|10412|12172|10412|7084|4007|8401|8331|8331|8162|8401|4031|5061|2091|3121|8004|8102|8162|8332|9061|8004|8102|8302|8033|8302,500|500|400|500|400|400|500|500|500|500|500|500|500|500|500|500|400|500|400|100|200|150|150|150|150|150|200|200|300|50|150|150|150|150|100|150|150|150|150|150,1,250,250
141,12176|12172|10151|12176|10171|12176|12176|12172|12176|12172|12196|12172|12176|12196|12176|12172|10412|12172|10412|8402|8331|8162|8162|8401|8032|5031|2061|3091|4121|8004|8162|8331|8102|9062|8402|8131|8232|8131|8332,500|500|400|500|400|500|500|500|500|500|500|500|500|500|500|500|400|500|400|150|150|150|150|150|150|200|300|50|200|150|150|150|150|100|150|150|150|150|150,1,250,250
142,12187|12185|10102|12187|10151|10001|12185|12187|12185|12187|12185|12187|12185|12187|12185|12187|10413|12187|10413|8033|7086|8004|8162|8331|8331|2031|3061|4091|5121|8102|8004|8203|8232|9002|8332|8163|8402|8302|8163,500|500|400|500|400|400|500|500|500|500|500|500|500|500|500|500|400|500|400|150|100|150|150|150|150|300|50|200|200|150|150|150|150|100|150|150|150|150|150,1,250,250
143,12187|10171|12185|10161|12185|10002|12185|10151|12185|12187|12185|12187|12185|12187|12185|12187|10413|12187|10413|7089|8004|8102|8102|8331|8004|8162|3031|4061|5091|2121|8302|8402|8033|8131|9062|8402|8033|8131|8232|8131,500|400|500|400|500|400|500|400|500|500|500|500|500|500|500|500|400|500|400|100|150|150|150|150|150|150|50|200|200|300|150|150|150|150|100|150|150|150|150|150,1,250,250
144,12185|12185|10171|12187|12185|10161|12185|12187|12185|10151|12185|12187|12185|12187|12185|12187|10413|12188|10413|8102|5091|8302|8302|8402|8004|4031|5061|2091|3121|8332|8163|8402|8302|9003|8203|8232|8302|8402|8302,500|500|400|500|500|400|500|500|500|400|500|500|500|500|500|500|400|500|400|150|200|150|150|150|150|200|200|300|50|150|150|150|150|100|150|150|150|150|150,1,250,250
145,10103|10171|12185|12187|12185|10161|10151|12185|12187|12185|12187|12185|12187|12185|12187|10413|12187|10413|8004|8102|8232|8131|8033|8102|2031|3061|4091|5121|8203|8232|8302|8402|9063|8302|8102|8004|8203|8232,400|400|500|500|500|400|400|500|500|500|500|500|500|500|500|400|500|400|150|150|150|150|150|150|300|50|200|200|150|150|150|150|100|150|150|150|150|150,1,250,250
146,12185|12187|12185|10161|10151|12185|10171|12187|12185|12187|12185|12187|12185|12187|12185|12187|12187|8203|8004|8033|8163|8163|8203|3031|4061|5091|2121|8033|8131|8332|8163|9003|8163|8332|8131|8102|8004,500|500|500|400|400|500|400|500|500|500|500|500|500|500|500|500|500|150|150|150|150|150|150|50|200|200|300|150|150|150|150|100|150|150|150|150|150,1,250,250
147,12185|12185|10171|12186|10161|10021|12185|10151|12185|12186|12185|12186|12185|12186|12185|12186|10414|12186|12186|10414|8003|8032|4202|3202|5202|8301|2006|3006|4006|5006|8003|8101|8202|8231|9061,500|500|400|500|400|400|500|400|500|500|500|500|500|500|500|500|400|500|500|400|150|150|200|50|200|150|300|50|200|200|150|150|150|150|100,1,250,250
148,12185|10151|12185|12186|12185|10022|10161|12186|12185|10171|12185|12186|12185|12186|12185|12186|10414|12186|12186|10414|8301|8331|3203|5203|4203|8401|2007|3007|4007|5007|8331|8032|8401|8301|9001,500|400|500|500|500|400|400|500|500|400|500|500|500|500|500|500|400|500|500|400|150|150|50|200|200|150|300|50|200|200|150|150|150|150|100,1,250,250
149,10056,400,1,250,250
150,12187|12191|10171|12187|10163|12187|12187|10152|12187|12191|12187|12191|12187|12191|12187|12191|7251|12191|10415|12191|10415|8301|8331|8163|8131|8332|8333|2032|3062|4092|5122|8034|8132|8261|8333|9004|8131|8333|8431|8531|8761,500|500|400|500|400|500|500|400|500|500|500|500|500|500|500|500|100|500|400|500|400|150|150|150|150|150|150|300|50|200|200|150|150|150|150|100|150|150|150|150|150,1,250,250
151,12187|12191|10162|10171|12187|10004|12187|10151|12191|12187|12191|12187|12191|12187|12191|12191|7261|10415|12191|10415|1038|3122|8233|8103|8204|8431|3032|4062|5092|2122|8431|8164|8403|8303|9064|8701|2407|3407|4507|5607,500|500|400|400|500|400|500|400|500|500|500|500|500|500|500|500|100|400|500|400|10|50|150|150|150|150|50|200|200|300|150|150|150|150|100|150|300|50|200|200,1,250,250
152,12187|10151|12187|10162|12187|10024|12187|10171|12187|12191|12187|12191|12187|12191|12187|12191|7271|10415|12191|10415|1038|3092|8303|8403|8034|8164|8132|8261|8333|8431|4032|5062|2092|3122|9004|8132|8261|8333|8501|8791,500|400|500|400|500|400|500|400|500|500|500|500|500|500|500|500|100|400|500|400|10|50|150|150|150|150|150|150|150|150|200|200|300|50|100|150|150|150|150|150,1,250,250
153,10172|12187|12187|12191|10152|12187|12191|10162|12191|12187|12191|12187|12191|12187|12191|7251|12191|10415|12189|12191|10309|2092|3122|8261|8164|8104|8006|8006|8104|8205|8234|5032|2062|3092|4122|9064|8006|8104|8205|8671|8531,400|500|500|500|400|500|500|400|500|500|500|500|500|500|500|100|500|400|500|500|400|300|50|150|150|150|150|150|150|150|150|200|300|50|200|100|150|150|150|150|150,1,250,250
154,12191|10154|12192|10164|12192|10171|12191|12192|12191|12192|12191|12192|12191|12192|12191|12191|7261|10416|12191|12191|2033|3063|8434|8167|8264|8166|2033|3063|4093|5123|8008|8207|8306|8037|9007|8534|8643|8732|8852|8764,500|400|500|400|500|400|500|500|500|500|500|500|500|500|500|500|100|400|500|500|300|50|150|150|150|150|300|50|200|200|150|150|150|150|100|150|150|150|150|150,1,250,250
155,12192|12178|12192|10171|12191|10154|10005|12192|10165|12192|12191|12192|12191|12192|12191|12192|12191|12191|7271|12191|12191|1011|4123|8406|8037|8167|8062|3033|4063|5093|2123|8106|8406|8037|8264|9067|8434|8167|8063|8582|8674,500|500|500|400|500|400|400|500|400|500|500|500|500|500|500|500|500|500|100|500|500|10|200|150|150|150|150|50|200|200|300|150|150|150|150|100|150|150|150|150|150,1,250,250
156,12192|12191|10172|12192|12178|12191|12192|10025|10164|12191|10154|12191|12192|12191|12192|12191|12192|12191|7261|10416|12189|12151|3093|8236|8135|8264|8009|8008|4033|5063|2093|3123|8009|8107|8208|8237|9007|8064|2419|3419|4519|5619,500|500|400|500|500|500|500|400|400|500|400|500|500|500|500|500|500|500|100|400|500|500|50|150|150|150|150|150|200|200|300|50|150|150|150|150|100|150|300|50|200|200,1,250,250
157,10056,400,1,250,250
158,12187|12191|10162|12187|10171|12187|10152|12191|12187|12191|12187|12191|12187|12191|12187|12191|12191|7251|10417|12191|12191|7084|4092|3122|8332|8033|8163|8403|2032|3062|4092|5122|8332|8163|8005|8103|9003|8034|8132|8261|8531|8501,500|500|400|500|400|500|400|500|500|500|500|500|500|500|500|500|500|100|400|500|500|100|200|50|150|150|150|150|300|50|200|200|150|150|150|150|100|150|150|150|150|150,1,250,250
159,12187|12191|12187|10171|12191|10163|10004|12187|10153|12187|12191|12187|12191|12187|12191|12187|12191|7261|10417|12189|12189|2062|3092|8163|8204|8303|8034|3032|4062|5092|2122|8204|8233|8303|8403|9003|8501,500|500|500|400|500|400|400|500|400|500|500|500|500|500|500|500|500|100|400|500|500|300|50|150|150|150|150|50|200|200|300|150|150|150|150|100|150,1,250,250
160,12186|10163|12186|12186|10152|12186|10004|12186|12191|10171|12191|12186|12191|12186|12191|12186|12191|7271|10418|12191|12186|10310|3062|4122|8103|8164|8431|8431|4032|5062|2092|3122|8164|8006|8104|8205|9004|8334|8432|8262|8611|8701,500|400|500|500|400|500|400|500|500|400|500|500|500|500|500|500|500|100|400|500|500|400|50|200|150|150|150|150|200|200|300|50|150|150|150|150|100|150|150|150|150|150,1,250,250
161,12191|10171|12186|10163|12186|10153|12191|12186|12191|12186|12191|12186|12191|12186|12191|7261|12191|10418|12191|12186|10307|8006|8133|8333|8204|8006|8164|5032|2062|3092|4122|8234|8304|8404|8035|9064|8006|8104|8205|8791|8612,500|400|500|400|500|400|500|500|500|500|500|500|500|500|500|100|500|400|500|500|400|150|150|150|150|150|150|200|300|50|200|150|150|150|150|100|150|150|150|150|150,1,250,250
162,12191|12186|10153|12191|10171|12186|12191|10163|12191|12186|12191|12186|12191|12186|12191|12191|7251|12191|12186|10308|1011|8165|8431|8261|8234|8006|3032|4062|5092|2122|8133|8262|8334|8432|9064|8304|8404|8133|8641|8672,500|500|400|500|400|500|500|400|500|500|500|500|500|500|500|500|100|500|500|400|10|150|150|150|150|150|50|200|200|300|150|150|150|150|100|150|150|150|150|150,1,250,250
163,10164|12186|10172|12186|10025|12186|10154|12186|12191|12186|12191|12186|12191|12186|12191|12191|7251|10419|12189|7151|10301|3063|4093|8007|8036|8433|8061|8007|8105|8206|8235|3033|4063|5093|2123|9005|8036|8134|8263|8502|8763,400|500|400|500|400|500|400|500|500|500|500|500|500|500|500|500|100|400|500|100|400|50|200|150|150|150|150|150|150|150|150|50|200|200|300|100|150|150|150|150|150,1,250,250
164,12186|10172|12186|12186|10164|12186|10025|10164|12191|12196|12191|12196|12191|12196|12191|12196|12191|7261|12196|10419|12189|7152|12152|4063|5093|8036|8134|8263|8165|8305|8405|8036|8134|4033|5063|2093|3123|9005|8036|2417|3417|4517|5617,500|400|500|500|400|500|400|400|500|500|500|500|500|500|500|500|500|100|500|400|500|100|500|200|200|150|150|150|150|150|150|150|150|200|200|300|50|100|150|300|50|200|200,1,250,250
165,10171|12191|10165|12192|12191|12191|10155|12191|12192|12191|12192|12191|12192|12191|12192|7271|10420|12192|12192|7086|4123|8434|8105|8206|8405|8007|2033|3063|4093|5123|8134|8263|8335|8433|9065|8008|8106|8236|8822|8613,400|500|400|500|500|500|400|500|500|500|500|500|500|500|500|100|400|500|500|100|200|150|150|150|150|150|300|50|200|200|150|150|150|150|100|150|150|150|150|150,1,250,250
166,12191|10171|12191|12191|10164|12191|10026|10155|12192|12191|12192|12191|12192|12191|12192|12191|12192|7261|12192|12192|5123|8106|8433|8008|8306|8008|2013|3013|4013|5013|8062|8008|8106|8207|9006|8008|2415|3418|4518|5618,500|400|500|500|400|500|400|400|500|500|500|500|500|500|500|500|500|100|500|500|200|150|150|150|150|150|300|50|200|200|150|150|150|150|100|150|300|50|200|200,1,250,250
167,12191|12192|10171|12191|12192|10155|10026|12191|10165|12191|12192|12191|12192|12191|12192|12191|12192|7251|10420|12189|12189|7088|3093|8037|8236|8135|8037|8106|4033|5063|2093|3123|8236|8306|8406|8037|6206|8135|8037|8336|8764|8582,500|500|400|500|500|400|400|500|400|500|500|500|500|500|500|500|500|100|400|500|500|100|50|150|150|150|150|150|200|200|300|50|150|150|150|150|10|150|150|150|150|150,1,250,250
168,10171|12191|12191|10164|12191|10005|10155|12192|12191|12192|12191|12192|12191|12192|12191|7261|12192|12192|12192|7089|1007|8236|8135|8336|8434|8207|5033|2063|3093|4123|8135|8264|8336|8434|9006|8062|2617|3617|4314|5414,400|500|500|400|500|400|400|500|500|500|500|500|500|500|500|100|500|500|500|100|10|150|150|150|150|150|200|300|50|200|150|150|150|150|100|150|300|50|200|200,1,250,250
169,12191|10171|10165|12192|12191|10006|12191|10155|12191|12192|12191|12192|12191|12192|12191|12192|7251|12192|12192|7090|8009|8264|8434|8167|8063|8062|2033|3063|4093|5123|8167|8063|8406|8306|9066|8264|8336|8434|8853|8794,500|400|400|500|500|400|500|400|500|500|500|500|500|500|500|500|100|500|500|100|150|150|150|150|150|150|300|50|200|200|150|150|150|150|100|150|150|150|150|150,1,250,250
170,12188|10171|12187|12188|10164|10155|12188|12187|12188|12187|12188|12187|12188|12187|12188|7271|12188|12187|10301|1008|3063|8105|8206|8235|8008|3033|4063|5093|2123|8134|8263|8335|8433|9065|8433|8166|8062|8731|8613,500|400|500|500|400|400|500|500|500|500|500|500|500|500|500|100|500|500|400|10|50|150|150|150|150|50|200|200|300|150|150|150|150|100|150|150|150|150|150,1,250,250
171,12187|12187|10171|10155|12187|12187|10165|12187|12188|12187|12188|12187|12188|12187|12188|7261|10421|12188|12187|10301|2123|3033|8405|8305|8007|8106|4033|5063|2093|3123|8166|8062|8008|8106|6208|8236|8008|8106|8673|8731,500|500|400|400|500|500|400|500|500|500|500|500|500|500|500|100|400|500|500|400|300|50|150|150|150|150|200|200|300|50|150|150|150|150|10|150|150|150|150|150,1,250,250
172,12187|10171|12187|12187|12188|12187|12187|12188|12187|12188|12187|12188|12187|12188|12187|12188|7271|12188|10423|12189|12162|7160|8135|8264|8167|8208|8009|8207|5033|2063|3093|4123|8167|8063|8009|8107|9006|8009|5319|4419|3519|2719,500|400|500|500|500|500|500|500|500|500|500|500|500|500|500|500|100|500|400|500|500|100|150|150|150|150|150|150|200|300|50|200|150|150|150|150|100|150|200|200|50|300,1,250,250
173,12188|12187|10171|12188|12187|12187|12188|12187|12188|12187|12188|12187|12188|12187|12188|12188|7271|10422|12188|7160|8008|8008|8207|8306|8236|3033|4063|5093|2123|8037|8135|8306|8434|6206|8107|2715|3315|4415|5515,500|500|400|500|500|500|500|500|500|500|500|500|500|500|500|500|100|400|500|100|150|150|150|150|150|50|200|200|300|150|150|150|150|10|150|300|50|200|200,1,250,250
174,12187|10171|12187|12188|12187|12187|12188|12187|12188|12187|12188|12187|12188|12187|12188|7261|10422|12188|12187|10301|8207|8037|8135|8406|8434|8306|4033|5063|2093|3123|8063|8167|8434|8336|6208|8434|8167|8063|8582|8503,500|400|500|500|500|500|500|500|500|500|500|500|500|500|500|100|400|500|500|400|150|150|150|150|150|150|200|200|300|50|150|150|150|150|10|150|150|150|150|150,1,250,250
175,12187|12187|12187|12188|10171|10010|12187|12188|12187|12188|12187|12188|12187|12188|12187|12188|7261|12188|12188|12187|10312|8236|8406|8434|8336|8207|8406|8135|8037|8406|8306|4033|5063|2093|3123|9066|8037|2615|3418|4318|5618,500|500|500|500|400|400|500|500|500|500|500|500|500|500|500|500|100|500|500|500|400|150|150|150|150|150|150|150|150|150|150|200|200|300|50|100|150|300|50|200|200,1,250,250
176,12187|12188|12187|12188|12187|10011|12187|12188|10172|12188|12187|12188|12187|12188|12187|12188|12188|7251|10423|12189|10313|8107|8435|8336|8264|8135|8009|8038|8136|8265|8168|2034|3064|4094|5124|6245|8038|8337|8265|8824|8795,500|500|500|500|500|400|500|500|400|500|500|500|500|500|500|500|500|100|400|500|400|150|150|150|150|150|150|150|150|150|150|300|50|200|200|10|150|150|150|150|150,1,250,250
177,12188|10172|12187|12188|12187|10012|12187|12188|12187|12188|12187|12188|12187|12188|12187|12188|12188|7261|12189|12189|10314|12153|4124|5034|8063|8107|8407|8237|8064|8407|8307|8009|3034|4064|5094|2124|9007|8337|8435|8168|8675|8705,500|400|500|500|500|400|500|500|500|500|500|500|500|500|500|500|500|100|500|500|400|500|200|200|150|150|150|150|150|150|150|150|50|200|200|300|100|150|150|150|150|150,1,250,250
178,12187|12187|10171|12188|12187|10013|12187|12188|12187|12188|12187|12188|12187|12188|12187|12188|12188|7271|10423|12189|12187|10315|12153|8306|8236|8406|8037|8336|2034|3064|4094|5124|8336|8434|8167|8063|8853|8732|8794|2415|3418|5518|4618,500|500|400|500|500|400|500|500|500|500|500|500|500|500|500|500|500|100|400|500|500|400|500|150|150|150|150|150|300|50|200|200|150|150|150|150|150|150|150|300|50|200|200,1,250,250
179,12201|12202|12201|12202|10171|12203|12204|12204|12205|7251|12161|12161|12161|11301|11311|8262|8334|8432|8061|8165|2062|3092|4122|5032|8007|8105|8206|8235|8305|8405|8671|5412|2412|4512|2712,500|500|500|500|400|500|500|500|500|100|500|500|500|50|50|150|150|150|150|150|300|50|200|200|150|150|150|150|150|150|150|200|300|200|300,1,250,250
180,10002|12201|12201|12202|12202|10171|12203|12204|12205|12205|12206|7261|12206|12205|12206|7016|10317|8435|8168|8064|8038|8136|3094|4124|5034|2064|8038|8435|8168|8064|8010|6245|8538|4320|5320|2620|3620,400|500|500|500|500|400|500|500|500|500|500|100|500|500|500|100|400|150|150|150|150|150|50|200|200|300|150|150|150|150|150|10|150|200|200|300|50,1,250,250
181,10003|12201|12201|10171|12202|12203|10029|12204|12204|12205|12205|12206|12198|7261|12198|7271|12198|10318|8169|8065|8011|8109|8309|3034|4064|5124|2094|8855|8733|8585|8826|8766|6247|8506|5625|3325|4525|2725,400|500|500|400|500|500|400|500|500|500|500|500|500|100|500|100|500|400|150|150|150|150|150|50|200|200|300|150|150|150|150|150|10|150|200|50|200|300,1,250,250
182,12201|12201|10002|12201|12201|12201|10030|12202|10171|12202|12203|12203|12204|7251|12205|12205|12205|12205|8238|8009|8208|8136|8168|8064|8107|8208|8168|8064|4034|5064|2094|3124|6245|8064|8168|8435|8765|8583,500|500|400|500|500|500|400|500|400|500|500|500|500|100|500|500|500|500|150|150|150|150|150|150|150|150|150|150|200|200|300|50|10|150|150|150|150|150,1,250,250
183,12201|12201|10003|10171|12202|12202|12202|10031|12203|12203|12204|12205|7261|12205|7017|10314|8039|2094|8136|8337|8435|8010|8010|8108|8209|8238|5034|2064|3094|4124|6245|8010|8108|8209|8504|8535,500|500|400|400|500|500|500|400|500|500|500|500|100|500|100|400|150|300|150|150|150|150|150|150|150|150|200|300|50|200|10|150|150|150|150|150,1,250,250
184,12201|12201|12202|12203|12203|10173|10032|12204|12204|12205|12205|12206|7251|12205|12205|12206|10315|12156|2034|3064|4094|5124|8308|8408|8039|8137|8266|8338|8436|8169|8065|8238|8010|8536|2424|3424|4624|5524,500|500|500|500|500|400|400|500|500|500|500|500|100|500|500|500|400|500|300|50|200|200|150|150|150|150|150|150|150|150|150|150|150|150|300|50|200|200,1,250,250
185,12201|10173|12202|10165|12163|12203|10155|12203|12163|12204|12205|10058|12206|12207|10058|12208|12208|7271|12209|10314|11351|12212|3034|4064|5094|2124|8066|8170|8437|8339|8267|8138|2035|3065|4095|5125|6247|8767|8508|8828|8796|8828,500|400|500|400|500|500|400|500|500|500|500|400|500|500|400|500|500|100|500|400|50|500|50|200|200|300|150|150|150|150|150|150|300|50|200|200|10|150|150|150|150|150,1,250,250
186,12192|12191|10165|12192|12191|10155|12191|10171|12191|12192|12192|12192|12191|12192|12192|7251|10425|12192|7001|4031|2121|8332|8033|8131|8033|8402|8033|8131|8332|2009|3009|4009|5009|9003|8005|8103|8204|2308|3606,500|500|400|500|500|400|500|400|500|500|500|500|500|500|500|100|400|500|100|200|300|150|150|150|150|150|150|150|150|300|50|200|200|100|150|150|150|300|50,1,250,250
187,12191|12192|12178|12191|10171|12192|10155|12191|12192|10165|12192|12192|12192|12191|12192|12191|12192|7271|12192|12192|8163|8163|8302|8232|8131|8163|8332|8131|8033|2009|3009|4009|5009|9063|8233|8303|8403|4606|5606,500|500|500|500|400|500|400|500|500|400|500|500|500|500|500|500|500|100|500|500|150|150|150|150|150|150|150|150|150|300|50|200|200|100|150|150|150|200|200,1,250,250
188,12191|10165|12191|12192|10172|10155|12191|12192|12191|12192|12192|12192|12191|12192|12191|12192|7261|10425|12189|12192|7004|4032|5062|8131|8332|8163|8332|4032|5062|2092|3122|8005|8103|8204|8403|9063|8034|8132|8261|2311|3211,500|400|500|500|400|400|500|500|500|500|500|500|500|500|500|500|100|400|500|500|100|200|200|150|150|150|150|200|200|300|50|150|150|150|150|100|150|150|150|300|50,1,250,250
189,12191|12192|12178|12191|10154|12192|12191|12191|10171|12191|10163|12192|12192|12191|12192|12191|12192|7251|12192|12192|7003|8261|8233|8004|8102|8163|8163|8403|8005|8163|8332|2009|3009|4009|5009|9003|8132|8261|8333|4211|5211,500|500|500|500|400|500|500|500|400|500|400|500|500|500|500|500|500|100|500|500|100|150|150|150|150|150|150|150|150|150|150|300|50|200|200|100|150|150|150|200|200,1,250,250
190,12191|12191|10163|12178|10171|12191|12191|12192|10153|12192|12192|12191|12192|12191|12192|7261|12192|12192|7005|8204|8261|8402|8332|8005|8005|2032|3062|4092|5122|8034|8132|8261|8333|9003|8431|8164|8303|8531|8501,500|500|400|500|400|500|500|500|400|500|500|500|500|500|500|100|500|500|100|150|150|150|150|150|150|300|50|200|200|150|150|150|150|100|150|150|150|150|150,1,250,250
191,12191|12187|12178|12191|12187|12191|10171|12191|12187|12191|12187|12187|12191|12187|12191|12187|7271|10426|12187|12187|7006|8006|8133|8132|8333|8164|8334|3032|4062|5092|2122|8006|8104|8205|8234|9004|8035|8133|8262|2320|3220,500|500|500|500|500|500|400|500|500|500|500|500|500|500|500|500|100|400|500|500|100|150|150|150|150|150|150|50|200|200|300|150|150|150|150|100|150|150|150|300|50,1,250,250
192,12187|12191|12191|10171|12191|12191|12187|12191|12187|12187|12191|12187|12191|12187|7251|10426|12187|12187|12191|10307|5062|3122|8234|8404|8304|8432|2013|3013|4013|5013|8304|8404|8035|8133|9064|8007|8105|8405|8641|8702,500|500|500|400|500|500|500|500|500|500|500|500|500|500|100|400|500|500|500|400|200|50|150|150|150|150|300|50|200|200|150|150|150|150|100|150|150|150|150|150,1,250,250
193,12191|12187|10163|10154|12191|10171|12191|12187|12191|12187|12187|12191|12187|12191|12187|7271|12189|10309|7007|12163|8405|8061|8165|8334|8035|8061|2013|3013|4013|5013|8007|8105|8206|8235|9005|8036|8134|8263|8792|8502,500|500|400|400|500|400|500|500|500|500|500|500|500|500|500|100|500|400|100|500|150|150|150|150|150|150|300|50|200|200|150|150|150|150|100|150|150|150|150|150,1,250,250
194,12191|12187|12191|12187|10154|10164|12187|10171|12187|12187|12191|12187|12187|7251|12187|10301|7009|8234|8262|8234|8205|8006|8165|2013|3013|4013|5013|8165|8061|8432|8334|9064|8061|8007|8206|4221|5221,500|500|500|500|400|400|500|400|500|500|500|500|500|100|500|400|100|150|150|150|150|150|150|300|50|200|200|150|150|150|150|100|150|150|150|200|200,1,250,250
195,12191|12191|10171|12187|12191|10154|12191|12187|12191|10165|12187|12191|12187|12187|7261|12187|12187|10306|7008|8234|8205|8262|8262|8334|8007|2013|3013|4013|5013|8007|8206|8305|8263|9065|8206|8105|8007|8532|8762,500|500|400|500|500|400|500|500|500|400|500|500|500|500|100|500|500|400|100|150|150|150|150|150|150|300|50|200|200|150|150|150|150|100|150|150|150|150|150,1,250,250
196,10173|12163|12200|12163|12200|12200|12163|12200|10058|12200|10058|12200|12197|12200|12197|12155|10310|11341|12221|8584|8766|8506|8169|8826|5065|2095|3125|4035|8536|2527|5427|4327|3627|6228|8734|8585|8538|8768|8507,400|500|500|500|500|500|500|500|400|500|400|500|500|500|500|500|400|50|500|150|150|150|150|150|200|300|50|200|150|300|200|200|50|10|150|150|150|150|150,1,250,250
197,12191|12191|10171|12192|10171|12191|12196|12191|12196|12196|12191|12196|12198|12198,500|500|400|500|400|500|500|500|500|500|500|500|500|500,1,250,250
198,12178|12178|12178|10171|12161|10021|12178|12178|12161|12178|12178|12161|12178|12178|12178|12161|10307|12161|8031|8003|8101|8202|8231|8201|2010|3010|4010|5010|8301|8401|8032|8331|8162,500|500|500|400|500|400|500|500|500|500|500|500|500|500|500|500|400|500|150|150|150|150|150|150|300|50|200|200|150|150|150|150|150,1,250,250
199,12185|10171|12185|10163|12187|12185|10022|12161|12161|12187|12185|12161|12187|12185|12187|12185|12185|12187|10308|12162|2031|4121|8331|8301|8401|8401|2007|3007|4007|5007|8003|8202|8301|8331|9002|8331|8162|8004|8331|8202,500|400|500|400|500|500|400|500|500|500|500|500|500|500|500|500|500|500|400|500|300|200|150|150|150|150|300|50|200|200|150|150|150|150|100|150|150|150|150|150,1,250,250
200,12191|12187|12191|12187|12187|10023|12191|12187|12187|12161|12191|12187|12161|12191|12187|12191|12187|12163|8004|8203|8302|8033|8332|8402|8162|8232|8004|8163|2031|4121|5061|4061|8163|2406|3503|4603|3210|4210,500|500|500|500|500|400|500|500|500|500|500|500|500|500|500|500|500|500|150|150|150|150|150|150|150|150|150|150|300|200|200|200|150|300|50|200|50|200,1,250,250
201,12187|12188|10163|10153|10024|12187|12162|12188|12187|12188|12187|12162|12188|12187|12162|12188|10307|12164|8304|8262|8164|2062|3092|8304|2032|3062|4092|5122|8432|8334|8262|8133|9004|8531|8761|8501|8671|8701,500|500|400|400|400|500|500|500|500|500|500|500|500|500|500|500|400|500|150|150|150|300|50|150|300|50|200|200|150|150|150|150|100|150|150|150|150|150,1,250,250
202,12191|12192|10173|12191|12192|12162|10025|12191|12192|12162|12191|12162|10058|12192|10058|12191|12192|12191|10308|12163|8103|8132|8164|8431|8164|2092|3122|4032|5062|8164|8104|8205|8006|8234|8304|8641|2411|3611|5612|4312,500|500|400|500|500|500|400|500|500|500|500|500|400|500|400|500|500|500|400|500|150|150|150|150|150|300|50|200|200|150|150|150|150|150|150|150|300|50|200|200,1,250,250
203,12176|12163|12176|12163|12176|12176|10026|12163|10153|12163|12176|12176|10058|12176|12163|12176|10058|12176|11311|8206|8035|8134|8263|8433|2033|3063|4093|5123|8335|8793|8672|8581|8642|6223|2518|3223|4318|5317|12155,500|500|500|500|500|500|400|500|400|500|500|500|400|500|500|500|400|500|50|150|150|150|150|150|300|50|200|200|150|150|150|150|150|10|300|50|200|200|500,1,250,250
204,12191|12186|12161|12191|10153|10173|12191|12186|12161|10173|12191|12186|12191|12186|10058|12191|10058|12161|12161|12152|12211|11301|8263|8207|8236|8208|8406|2123|3033|4063|5093|8135|8614|8673|8704|8534|8731|5619|3519|4419|2416|12154,500|500|500|500|400|400|500|500|500|400|500|500|500|500|400|500|400|500|500|500|500|50|150|150|150|150|150|300|50|200|200|150|150|150|150|150|150|200|50|200|300|500,1,250,250
205,12172|10171|12172|10165|10153|12172|12172|12172|12172|12172,500|400|500|400|400|500|500|500|500|500,1,250,250
206,12187|12162|12188|12187|12162|12188|10165|12187|10173|12187|12162|12188|10058|12188|12187|10058|12188|12162|12221|11321|8038|8435|8009|8136|8265|2064|4124|5094|3034|8765|8854|8504|8795|8824|8854|8535|8765|8583|2624|3624,500|500|500|500|500|500|400|500|400|500|500|500|400|500|500|400|500|500|500|50|150|150|150|150|150|300|200|200|50|150|150|150|150|150|150|150|150|150|300|50,1,250,250
207,12187|12162|12187|10173|12187|12162|10173|12162|10165|12187|12162|10058|12187|10058|12187|12162|12187|12162|12211|11331|8407|8307|8107|8010|8108|4034|5064|2094|3124|8583|8821|8615|8644|8505|8563|8825|2424|3324|4424|5524,500|500|500|400|500|500|400|500|400|500|500|400|500|400|500|500|500|500|500|50|150|150|150|150|150|200|200|300|50|150|150|150|150|150|150|150|300|50|200|200,1,250,250
208,8794|8764|8704|8615|8534|8503|8643|8983|8967|8991|8975|8927|8920|8909|8940|8952|8823|8853|8732|8643|8794|8764|8704|8615,150|150|150|150|150|150|150|150|150|150|150|150|150|150|150|150|150|150|150|150|150|150|150|150,1,250,250
209,8644|8504|8675|8705|8535|8583|8705|8615|8909|8927|8933|8941|8960|8991|8953|8901|8920|8644|8765|8795|8825|8854|8765|8733,150|150|150|150|150|150|150|150|150|150|150|150|150|150|150|150|150|150|150|150|150|150|150|150,1,250,250
210,8827|8768|8676|8585|8796|8537|8564|8984|8976|8961|8968|8902|8910|8921|8928|8942|8856|8706|8734|8507|8537|8827|8856|8706,150|150|150|150|150|150|150|150|150|150|150|150|150|150|150|150|150|150|150|150|150|150|150|150,1,250,250
221,12188|12187|10171|10164|12188|10001|12188|12187|10153|12187|12187|12187|12188|12187|12187|7251|12187|12188|7081|8261|8006|8133|8262|8334|8432|2013|4013|5013|3013|8334|8432|8061|8165|9004|2013|3013|4013|5013|8641,500|500|400|400|500|400|500|500|400|500|500|500|500|500|500|100|500|500|100|150|150|150|150|150|150|300|200|200|50|150|150|150|150|100|300|50|200|200|150,1,250,250
222,12186|12186|12188|12188|10163|12186|12188|10002|12188|10171|12188|12186|12186|10154|12188|12186|12197|12186|12197|7261|12186|12188|7082|2033|3123|8165|8061|8404|8035|2013|4013|5013|3013|8007|8105|8206|8235|9005|8335|2033|3063|4093|5123,500|500|500|500|400|500|500|400|500|400|500|500|500|400|500|500|500|500|500|100|500|500|100|300|50|150|150|150|150|300|200|200|50|150|150|150|150|100|150|300|50|200|200,1,250,250
223,12186|12186|12188|10154|10172|12188|10003|12188|12186|12188|10164|12188|12186|12188|12186|12198|12199|7271|12198|12199|12188|7083|3063|2093|8062|8335|8134|8405|2033|3063|4093|5123|8008|8207|8037|8135|6223|8037|2416|3416|4516|5616,500|500|500|400|400|500|400|500|500|500|400|500|500|500|500|500|500|100|500|500|500|100|50|300|150|150|150|150|300|50|200|200|150|150|150|150|10|150|300|50|200|200,1,250,250
224,12201|12201|12201|10171|12201|10004|10163|12202|12202|10153|12202|12203|12204|12204|7271|12204|7084|8007|8061|8432|8262|8035|8133|2032|3062|4092|5122|8334|8432|8061|8165|9064|2013|3013|4013|5013|8581,500|500|500|400|500|400|400|500|500|400|500|500|500|500|100|500|100|150|150|150|150|150|150|300|50|200|200|150|150|150|150|100|300|50|200|200|150,1,250,250
225,12201|12201|10154|12201|10171|10005|12202|12202|10163|12203|12204|12204|12204|12205|7251|12204|12204|8166|4093|8061|8165|8262|8133|2013|3013|4013|5013|8007|8105|8206|8405|9065|8433|8335|8134|8533|8762,500|500|400|500|400|400|500|500|400|500|500|500|500|500|100|500|500|150|200|150|150|150|150|300|50|200|200|150|150|150|150|100|150|150|150|150|150,1,250,250
226,12192|12192|12191|10171|12192|12191|10006|10154|12192|12191|10163|12192|12191|12192|12192|7261|10428|12192|12191|12192|8234|3063|8133|8334|8006|8104|2013|4013|5013|3013|8036|8263|8433|8432|9005|8166|2413|3513|4613|5222,500|500|500|400|500|500|400|400|500|500|400|500|500|500|500|100|400|500|500|500|150|50|150|150|150|150|300|200|200|50|150|150|150|150|100|150|300|50|200|200,1,250,250
227,12192|12191|12191|10171|12191|12191|10153|12191|12192|10163|12191|12192|7271|12192|10428|12192|12191|12192|12161|2093|8206|8305|8235|8762|8105|2013|4013|5013|3013|8335|8433|8166|8062|9065|8062|8235|8405|8762|8642,500|500|500|400|500|500|400|500|500|400|500|500|100|500|400|500|500|500|500|300|150|150|150|150|150|300|200|200|50|150|150|150|150|100|150|150|150|150|150,1,250,250
228,12192|12191|12191|10153|12192|10172|12191|12192|10163|12192|12191|12192|12191|12192|7261|12192|7271|10428|12192|12191|12192|12191|12154|5093|2123|8106|8207|8236|8306|3033|4063|5093|2123|8434|8167|8063|8037|9006|8063|3416|4316|5516|2716,500|500|500|400|500|400|500|500|400|500|500|500|500|500|100|500|100|400|500|500|500|500|500|200|300|150|150|150|150|50|200|200|300|150|150|150|150|100|150|50|200|200|300,1,250,250
229,12192|12192|10163|12192|12191|12191|10171|10153|12192|12191|12192|12191|12192|12192|7251|12192|12191|12192|12191|2093|3123|8305|8206|8405|8007|2013|4013|5013|3013|8166|8433|8335|8134|6245|8335|8263|8166|8762|8533,500|500|400|500|500|500|400|400|500|500|500|500|500|500|100|500|500|500|500|300|50|150|150|150|150|300|200|200|50|150|150|150|150|10|150|150|150|150|150,1,250,250
230,12192|12191|12191|12191|10172|12191|10153|12192|10163|12192|12191|12192|12191|12192|7251|12192|12189|12191|12189|12191|8207|8264|8063|8167|8434|8135|4033|5063|2093|3123|8107|8009|8063|8167|9066|8237|8107|8009|8675|8562,500|500|500|500|400|500|400|500|400|500|500|500|500|500|100|500|500|500|500|500|150|150|150|150|150|150|200|200|300|50|150|150|150|150|100|150|150|150|150|150,1,250,250
231,12191|12191|12191|12191|10163|12191|12191|10171|12191|10153|12191|12192|12191|12192|12192|7251|10429|12192|12191|12191|12164|12161|8009|8107|8063|8167|8434|8264|5033|2063|3093|4123|8038|8337|8064|8168|9007|2034|3064|4094|5124|8615,500|500|500|500|400|500|500|400|500|400|500|500|500|500|500|100|400|500|500|500|500|500|150|150|150|150|150|150|200|300|50|200|150|150|150|150|100|300|50|200|200|150,1,250,250
232,12192|12191|12191|12192|12191|10171|12192|12191|12192|12192|12191|12192|7261|12192|10429|12192|12191|8109|8436|8169|8436|8338|8266|3034|4064|5094|2124|8011|8109|8210|8239|6247|8210|2426|3426|4526|5626,500|500|500|500|500|400|500|500|500|500|500|500|100|500|400|500|500|150|150|150|150|150|150|50|200|200|300|150|150|150|150|10|150|300|50|200|200,1,250,250
233,12192|12191|12191|12191|10171|12191|12191|12192|10165|12192|10155|12191|12192|12192|7261|10430|12192|12191|7158|12164|12161|12161|8064|8168|8435|8337|8265|8136|4034|5064|2094|3124|8064|8168|8435|8136|9007|8010|8168|8265|8854|8854,500|500|500|500|400|500|500|500|400|500|400|500|500|500|100|400|500|500|100|500|500|500|150|150|150|150|150|150|200|200|300|50|150|150|150|150|100|150|150|150|150|150,1,250,250
234,12191|10172|12191|12191|12192|12191|10155|12192|12191|12192|10165|12191|12192|12199|12192|7271|10430|12189|12199|7159|8010|2064|8169|8436|8338|8266|2035|3035|4035|5035|8239|8210|8409|8040|9008|8170|2724|3627|4527|5427,500|400|500|500|500|500|400|500|500|500|400|500|500|500|500|100|400|500|500|100|150|300|150|150|150|150|300|50|200|200|150|150|150|150|100|150|300|50|200|200,1,250,250
235,12192|12192|10165|12192|10171|12191|10155|12191|12192|12192|12192|12191|12199|7261|12192|12199|10429|12192|12191|7160|2033|3063|8166|8062|8134|8405|2033|3033|4033|5033|8336|8434|8167|8037|9066|8008|8207|8236|8674|8582,500|500|400|500|400|500|400|500|500|500|500|500|500|100|500|500|400|500|500|100|300|50|150|150|150|150|300|50|200|200|150|150|150|150|100|150|150|150|150|150,1,250,250
236,12192|12192|12191|12191|10155|12192|10165|12191|10171|12191|12192|12192|12192|12191|12199|12192|12199|7251|12192|12191|7161|8264|2064|8011|8109|8210|8309|2034|3064|4094|5124|8170|8437|8339|8267|9068|2035|3065|4095|5125|8706,500|500|500|500|400|500|400|500|400|500|500|500|500|500|500|500|500|100|500|500|100|150|300|150|150|150|150|300|50|200|200|150|150|150|150|100|300|50|200|200|150,1,250,250
237,12191|10155|12191|12192|12191|10172|12191|12192|10165|12192|12192|12192|12191|12192|7251|12192|12189|12191|7162|12164|12154|3094|4124|8170|8437|8339|8267|3035|4065|5095|2125|8110|8012|8066|8170|9009|8066|2524|3524|4624|5321,500|400|500|500|500|400|500|500|400|500|500|500|500|500|100|500|500|500|100|500|500|50|200|150|150|150|150|50|200|200|300|150|150|150|150|100|150|300|50|200|200,1,250,250
238,12192|12192|12191|10155|10171|12191|12191|10165|12191|12192|12192|12192|12191|12199|12192|12199|7251|12192|12191|7163|2094|3124|8337|8136|8307|8107|3034|4064|5094|2124|8337|8435|8064|8010|9067|8308|8137|8436|8615|8765,500|500|500|400|400|500|500|400|500|500|500|500|500|500|500|500|100|500|500|100|300|50|150|150|150|150|50|200|200|300|150|150|150|150|100|150|150|150|150|150,1,250,250
239,12191|12191|12191|10172|12192|12191|12191|12192|12191|12192|12192|12191|12192|12192|7261|12192|12161|12162|12155|4064|5094|8064|8168|8435|8265|4034|5064|2094|3124|8108|8209|8238|8308|9007|8169|8266|8010|8825|8505,500|500|500|400|500|500|500|500|500|500|500|500|500|500|100|500|500|500|500|200|200|150|150|150|150|200|200|300|50|150|150|150|150|100|150|150|150|150|150,1,250,250
240,12191|12192|12191|10155|12192|12191|10173|12192|12191|12161|10165|12191|12162|12161|7271|12161|12191|12162|12221|8209|8339|8341|8308|8041|2064|8139|8268|8340|8438|4034|5064|3094|2124|6247|8831|8564|8512|3532|5632,500|500|500|400|500|500|400|500|500|500|400|500|500|500|100|500|500|500|500|150|150|150|150|150|300|150|150|150|150|200|200|50|300|10|150|150|150|50|200,1,250,250
241,12192|10173|12164|12192|12191|10165|12192|12191|10155|12192|12191|10058|12191|10058|12164|12164|11361|12212|8169|8269|8341|8439|8172|3034|4064|2094|5124|8513|12151|12153|12155|12157|12154|8709|2433|3334|5434|4534,500|400|500|500|500|400|500|500|400|500|500|400|500|400|500|500|50|500|150|150|150|150|150|50|200|300|200|150|500|500|500|500|500|150|300|50|200|200,1,250,250
247,10056,400,1,250,250
253,10056,400,1,250,250
254,10056,400,1,250,250
261,10056,400,1,250,250
262,10056,400,1,250,250
263,10056,400,1,250,250
264,10056,400,1,250,250
265,10056,400,1,250,250
266,10056,400,1,250,250
267,10056,400,1,250,250
268,10056,400,1,250,250
271,12161|12161|12161|12161|12161|12161|12162|12162|12162|12162|12151|12162|12151|12162|12152|12163|12152|12163|12153|12163|12153|12163|11301|11311|12164|12164|11301|11311|11321|11331,500|500|500|500|500|500|500|500|500|500|500|500|500|500|500|500|500|500|500|500|500|500|50|50|500|500|50|50|50|50,1,250,250
272,12161|12161|12161|12161|12162|12162|12162|12162|12162|12151|12162|12151|12163|12152|12163|12152|12163|12153|12163|12153|12163|12164|11331|11341|12164|12164|11341|11351|11361|11302,500|500|500|500|500|500|500|500|500|500|500|500|500|500|500|500|500|500|500|500|500|500|50|50|500|500|50|50|50|50,1,250,250
273,12161|12161|12161|12162|12162|12162|12162|12162|12162|12162|12152|12163|12152|12163|12153|12163|12153|12163|12154|12163|12154|12164|11321|11351|12164|12164|11312|11322|11332|11342,500|500|500|500|500|500|500|500|500|500|500|500|500|500|500|500|500|500|500|500|500|500|50|50|500|500|50|50|50|50,1,250,250
274,12161|12161|12161|12162|12162|12162|12162|12162|12163|12153|12163|12153|12163|12154|12163|12154|12163|12155|12164|12155|12164|12164|11341|11351|12164|12164|11302|11332|11352|11362,500|500|500|500|500|500|500|500|500|500|500|500|500|500|500|500|500|500|500|500|500|500|50|50|500|500|50|50|50|50,1,250,250
275,12161|12161|12162|12162|12162|12162|12162|12162|12163|12163|12155|12163|12155|12163|12156|12163|12156|12164|12157|12164|12157|12164|11351|11361|12164|12164|11352|11352|11362|11362,500|500|500|500|500|500|500|500|500|500|500|500|500|500|500|500|500|500|500|500|500|500|50|50|500|500|50|50|50|50,1,250,250
276,10056,400,1,250,250
277,12161|12161|10183|12161|12161|10184|12162|12162|10185|12162|12163|10185|12163|12163|10186|12164|11301|11311|11331|11341|12151|12152|12153|12154|11301|11311|11321|11331|11341|11351,500|500|400|500|500|400|500|500|400|500|500|400|500|500|400|500|50|50|50|50|500|500|500|500|50|50|50|50|50|50,1,250,250
278,12161|10183|10183|12161|12162|10184|12162|12162|10185|12162|12163|10186|12164|12164|10187|11321|11351|11331|11341|11361|10187|12153|12154|10187|12155|12156|12157|8901|6233|8967,500|400|400|500|500|400|500|500|400|500|500|400|500|500|400|50|50|50|50|50|400|500|500|400|500|500|500|150|10|150,1,250,250
279,10151|10182|10182|10152|12079|12079|12080|12065|12081|12078|12079|12066|12080|12082|12081|12067|12082|12065|12080|12081|10183,400|400|400|400|500|500|500|500|500|500|500|500|500|500|500|500|500|500|500|500|400,1,250,250
280,10182|10151|10183|10152|12080|12081|12066|12080|12082|12083|12081|12067|12080|12082|12084|12081|12068|12066|12082|12083|10184,400|400|400|400|500|500|500|500|500|500|500|500|500|500|500|500|500|500|500|500|400,1,250,250
281,10153|10152|10154|10153|12082|12082|12067|12081|12083|12066|12084|12068|12083|12067|12085|12082|12083|12084|12069|12086|10185,400|400|400|400|500|500|500|500|500|500|500|500|500|500|500|500|500|500|500|500|400,1,250,250
282,10151|10152|10153|12079|12079|12080|12065|12081|12078|12079|12066|12080|12082|12081|12067|12082|12065|12080|12081|11301|11311|11321|11331|11341|11351,400|400|400|500|500|500|500|500|500|500|500|500|500|500|500|500|500|500|500|50|50|50|50|50|50,1,250,250
284,10056,400,1,250,250
290,10056,400,1,250,250
291,10056,400,1,250,250
292,10056,400,1,250,250
293,10056,400,1,250,250
294,10056,400,1,250,250
295,10056,400,1,250,250
296,10056,400,1,250,250
297,10056,400,1,250,250
298,10056,400,1,250,250
299,10056,400,1,250,250
300,10056,400,1,250,250
301,10306|10010|10029|12161|12162|10312|7013|7091|12161|12162|12163|12163|12151|12151|12151|12151|12151|12151|12152|11301|11311|11321|11331|8641|8502|8581|8672|8762|8821|12211,400|400|400|500|500|400|100|100|500|500|500|500|500|500|500|500|500|500|500|50|50|50|50|150|150|150|150|150|150|500,1,250,250
302,10307|10011|10029|12161|12162|10314|7014|7092|12161|12162|12163|12163|12151|12151|12151|12151|12152|12152|12152|11341|11351|11361|11302|8613|8642|8534|8614|8674|8852|12221,400|400|400|500|500|400|100|100|500|500|500|500|500|500|500|500|500|500|500|50|50|50|50|150|150|150|150|150|150|500,1,250,250
303,10308|10010|10029|12161|12163|10315|7015|7161|12161|12162|12162|12164|12151|12151|12151|12151|12152|12152|12153|11301|11321|11361|11312|3313|3413|3513|3613|8702|8673|12211,400|400|400|500|500|400|100|100|500|500|500|500|500|500|500|500|500|500|500|50|50|50|50|50|50|50|50|150|150|500,1,250,250
304,10309|10011|10029|12161|12161|10313|7016|7162|12161|12161|12161|12161|12161|12151|12151|12151|12151|12152|12153|11321|11361|11302|11351|12221,400|400|400|500|500|400|100|100|500|500|500|500|500|500|500|500|500|500|500|50|50|50|50|500,1,250,250
305,10310|10012|10030|12161|12162|10314|7017|7091|12163|12163|12164|12151|12151|12151|12152|12152|12152|12153|12153|11321|11331|11322|11342|8705|8733|8505|8825|8584|8826|12211,400|400|400|500|500|400|100|100|500|500|500|500|500|500|500|500|500|500|500|50|50|50|50|150|150|150|150|150|150|500,1,250,250
306,10311|10011|10030|12161|12162|10315|7161|7092|12163|12163|12164|12151|12151|12151|12151|12152|12152|12153|12153|11351|11361|11332|11352|8675|8562|8853|8536|8795|8765|12221,400|400|400|500|500|400|100|100|500|500|500|500|500|500|500|500|500|500|500|50|50|50|50|150|150|150|150|150|150|500,1,250,250
307,10312|10011|10030|12163|12163|10316|7162|7163|12163|12163|12161|12163|12151|12151|12151|12152|12152|12153|12154|11341|11332|11352|11311|12212,400|400|400|500|500|400|100|100|500|500|500|500|500|500|500|500|500|500|500|50|50|50|50|500,1,250,250
308,10316|10012|10031|12161|12162|10317|7163|7094|12162|12163|12164|12151|12151|12152|12152|12153|12154|12154|12155|11311|11362|11302|11312|8564|8585|8766|8796|8767|8768|12226,400|400|400|500|500|400|100|100|500|500|500|500|500|500|500|500|500|500|500|50|50|50|50|150|150|150|150|150|150|500,1,250,250
309,10317|10012|10031|12161|12162|10318|7164|7095|12162|12163|12164|12151|12152|12152|12153|12154|12154|12155|12156|11341|11332|11342|11303|3631|3531|3431|3331|8617|8510|12235,400|400|400|500|500|400|100|100|500|500|500|500|500|500|500|500|500|500|500|50|50|50|50|50|50|50|50|150|150|500,1,250,250
310,10315|10013|10031|12161|12162|10319|7165|7018|12163|12164|12164|12151|12152|12153|12154|12154|12155|12156|12157|11351|11352|11362|11323|8735|8586|8618|8650|8679|8709|12231,400|400|400|500|500|400|100|100|500|500|500|500|500|500|500|500|500|500|500|50|50|50|50|150|150|150|150|150|150|500,1,250,250
312,10056,400,1,250,250
318,10056,400,1,250,250
320,10056,400,1,250,250
321,10056,400,1,250,250
322,10056,400,1,250,250
323,10056,400,1,250,250
324,10056,400,1,250,250
325,10056,400,1,250,250
326,10056,400,1,250,250
327,10056,400,1,250,250
328,10056,400,1,250,250
329,10056,400,1,250,250
330,10056,400,1,250,250
331,10056,400,1,250,250
332,10056,400,1,250,250
333,10056,400,1,250,250
334,10056,400,1,250,250
335,10056,400,1,250,250
336,10056,400,1,250,250
337,10056,400,1,250,250
338,10056,400,1,250,250
339,10056,400,1,250,250
340,10056,400,1,250,250
341,10056,400,1,250,250
342,10056,400,1,250,250
343,10056,400,1,250,250
344,10056,400,1,250,250
345,10056,400,1,250,250
346,10056,400,1,250,250
347,10056,400,1,250,250
348,10056,400,1,250,250
349,10056,400,1,250,250
350,10056,400,1,250,250
351,12075|12076|12077|12078|12079|12080|12161|12161|12161|12161|12161|12161|12161|12161|12161|12161|12161|12161|12161|12161|12161|12161|12161|12161|11341|11351|11351|11341|11342|11351,500|500|500|500|500|500|500|500|500|500|500|500|500|500|500|500|500|500|500|500|500|500|500|500|50|50|50|50|50|50,1,250,250
352,12075|12076|12077|12078|12079|12080|12162|12162|12162|12162|12162|12162|12162|12162|12162|12162|12162|12162|12162|12162|12162|12162|12162|12162|11321|11331|11331|11321|11322|11332,500|500|500|500|500|500|500|500|500|500|500|500|500|500|500|500|500|500|500|500|500|500|500|500|50|50|50|50|50|50,1,250,250
353,12076|12077|12078|12079|12080|12081|12163|12163|12163|12163|12163|12163|12163|12163|12163|12163|12163|12163|12163|12163|12163|12163|12163|12163|11301|11311|11311|11301|11302|11312,500|500|500|500|500|500|500|500|500|500|500|500|500|500|500|500|500|500|500|500|500|500|500|500|50|50|50|50|50|50,1,250,250
354,12076|12077|12079|12080|12081|12082|12164|12164|12164|12164|12164|12164|12164|12164|12164|12164|12164|12164|12164|12164|12164|12164|12164|12164|11361|11361|11361|11361|11362|11362,500|500|500|500|500|500|500|500|500|500|500|500|500|500|500|500|500|500|500|500|500|500|500|500|50|50|50|50|50|50,1,250,250
355,12193|12193|12194|12193|12194|12114|12115|12194|12142|12194|12193|12142|12193|12142|12142|12193|12194|12193|12194|12193|12194|12193|8308|8338|8265|8009|8038|8010|8064|8107|8136|8168|6224|6247|9006|9007|9008|8505|8583|8675|8705|8765,500|500|500|500|500|500|500|500|500|500|500|500|500|500|500|500|500|500|500|500|500|500|150|150|150|150|150|150|150|150|150|150|10|10|100|100|100|150|150|150|150|150,1,250,250
356,12193|12261|12261|12193|12261|12113|12114|12261|12143|12261|12193|12143|12193|12261|12143|12261|12193|12261|12193|12261|12193|12261|12193|12261|12193|12261|12193,500|500|500|500|500|500|500|500|500|500|500|500|500|500|500|500|500|500|500|500|500|500|500|500|500|500|500,1,250,250
357,12193|12193|12261|12193|12261|12114|12115|12261|12144|12261|12193|12142|12142|12261|12142|12261|12261|12193|12261|12193|12261|12193|12261|12193|12261|12193|12193,500|500|500|500|500|500|500|500|500|500|500|500|500|500|500|500|500|500|500|500|500|500|500|500|500|500|500,1,250,250
358,12261|12193|12261|12193|12261|12113|12114|12261|12143|12261|12193|12143|12193|12261|12143|10432|12261|10432|12193|12261|12193|12261|12193|12261|12193|8309|8211|8012|8040|8066|8109|8139|8210|8240|8267|8309|8339|8796|8828|8856,500|500|500|500|500|500|500|500|500|500|500|500|500|500|500|400|500|400|500|500|500|500|500|500|500|150|150|150|150|150|150|150|150|150|150|150|150|150|150|150,1,250,250
359,12193|12193|12261|12193|12261|12114|12115|12261|12144|12261|12193|12144|12193|12261|12144|12261|12261|12193|12261|12193|12261|12193|12261|12193|8170|8138|8267|8410|8438|8240|8210|8267|8139|8139|8339|8309|8828|8856|8796,500|500|500|500|500|500|500|500|500|500|500|500|500|500|500|500|500|500|500|500|500|500|500|500|150|150|150|150|150|150|150|150|150|150|150|150|150|150|150,1,250,250
360,12193|12193|12262|12193|12262|12118|12118|12262|12142|12262|12193|12143|12193|12262|12143|10433|12143|10433|12193|12262|2035|3065|4095|5125|3035|4065|5095|2125|4035|5065|8309|8211|8012|8066|8109|8139|8210|8267|8796|8856,500|500|500|500|500|500|500|500|500|500|500|500|500|500|500|400|500|400|500|500|300|50|200|200|50|200|200|300|200|200|150|150|150|150|150|150|150|150|150|150,1,250,250
361,12193|12262|12262|12193|12262|12114|12115|12262|12144|12262|12193|12144|12193|12142|12142|10434|12262|10434|12193|12262|4065|5095|3035|2125|2095|3125|4035|5065|2095|3035|8170|8138|8267|8309|8211|8012|8066|8109|8828|8770,500|500|500|500|500|500|500|500|500|500|500|500|500|500|500|400|500|400|500|500|200|200|50|300|300|50|200|200|300|50|150|150|150|150|150|150|150|150|150|150,1,250,250
362,12193|12193|12262|12193|12262|12119|12120|12262|12142|12262|12142|12142|12193|12262|12143|10435|12262|10435|12193|12262|5065|3125|2095|4035|3065|8410|8240|8110|8013|8171|8212|8311|9007|9008|9009|8341|8411|8439|8830|8772,500|500|500|500|500|500|500|500|500|500|500|500|500|500|500|400|500|400|500|500|200|50|300|200|50|150|150|150|150|150|150|150|100|100|100|150|150|150|150|150,1,250,250
363,12193|12193|12262|12193|12262|12114|12115|12144|12144|12262|12193|12144|12193|12262|12144|12262|12262|12193|12193|3095|4125|5035|2065|4035|5125|2065|3095|4035|3125|8437|8067|8340|8311|8511|8541|8649|8709|8772|8832,500|500|500|500|500|500|500|500|500|500|500|500|500|500|500|500|500|500|500|50|200|200|300|200|200|300|50|200|50|150|150|150|150|150|150|150|150|150|150,1,250,250
364,12193|12263|12263|12193|12263|12123|12124|12263|12142|12263|12142|12142|12193|12263|12164|12263|12263|12193|12193|2035|3065|4095|5125|5065|3125|2095|4035|3065|5095|8268|8311|8211|8067|8340|8311|8341|8411|8832|8512,500|500|500|500|500|500|500|500|500|500|500|500|500|500|500|500|500|500|500|300|50|200|200|200|50|300|200|50|200|150|150|150|150|150|150|150|150|150|150,1,250,250
365,12193|12193|12263|12193|12263|12128|12123|12263|12143|12263|12193|12143|12143|12263|12142|12263|12263|12193|12193|4065|5095|3035|2125|2035|8111|8438|8410|8013|8171|8212|8311|9070|9071|9072|8012|8341|8312|8799|8771,500|500|500|500|500|500|500|500|500|500|500|500|500|500|500|500|500|500|500|200|200|50|300|300|150|150|150|150|150|150|150|100|100|100|150|150|150|150|150,1,250,250
366,12263|12193|12263|12193|12263|12123|12124|12142|12142|12263|12193|12142|12193|12263|12143|12263|12263|12193|12193|8140|8171|8268|8013|8269|8241|8173|8112|8068|8043|5065|3125|2095|4035|4125|8832|5333|4634|3534|2532,500|500|500|500|500|500|500|500|500|500|500|500|500|500|500|500|500|500|500|150|150|150|150|150|150|150|150|150|150|200|50|300|200|200|150|200|200|50|300,1,250,250
367,12193|12193|12262|12193|12262|12128|12129|12262|12143|12143|12193|12143|12193|12262|12144|10436|12262|10436|12193|12262|3095|4125|5035|2065|4095|8042|8311|8212|8111|8269|3125|4035|5065|2095|2035|3035|4065|5125|5332|3534,500|500|500|500|500|500|500|500|500|500|500|500|500|500|500|400|500|400|500|500|50|200|200|300|200|150|150|150|150|150|50|200|200|300|300|50|200|200|200|50,1,250,250
368,12193|12262|12262|12193|12262|12123|12124|12262|12144|12262|12193|12144|12144|12262|12143|10436|12262|10436|12193|12262|2035|3065|4095|5125|2065|8013|8043|8411|8311|8341|2125|3095|3125|4035|5065|8439|8172|8140|8799|8832,500|500|500|500|500|500|500|500|500|500|500|500|500|500|500|400|500|400|500|500|300|50|200|200|300|150|150|150|150|150|300|50|50|200|200|150|150|150|150|150,1,250,250
369,12193|12193|12262|12193|12262|12128|12130|12262|12142|12262|12193|12143|12193|12262|12144|12144|12262|12193|12193|8014|8440|8113|8043|8068|8112|8141|8173|8214|8270|4065|5095|3035|2125|4065|8512|4435|4335|4535|4635,500|500|500|500|500|500|500|500|500|500|500|500|500|500|500|500|500|500|500|150|150|150|150|150|150|150|150|150|150|200|200|50|300|200|150|200|200|200|200,1,250,250
370,12194|12194|12265|12194|12265|12130|12124|12265|12143|12265|12194|12144|12194|12142|12142|12265|12265|12194|12151|12152|2036|5126|4096|3066|2065|8242|8213|8014|8312|8342|8412|8043|8015|8342|8441|8859|8652|8620|8587|8543,500|500|500|500|500|500|500|500|500|500|500|500|500|500|500|500|500|500|500|500|300|200|200|50|300|150|150|150|150|150|150|150|150|150|150|150|150|150|150|150,1,250,250
371,12194|12265|12265|12194|12265|12120|12125|12265|12144|12265|12194|12142|12194|12265|12144|12144|12265|12194|12194|8043|8113|8440|8013|8068|8112|8142|8173|8214|8242|4065|5095|3035|2125|5095|5635|5335|5435|5535|8544,500|500|500|500|500|500|500|500|500|500|500|500|500|500|500|500|500|500|500|150|150|150|150|150|150|150|150|150|150|200|200|50|300|200|200|200|200|200|150,1,250,250
372,12194|12265|12265|12194|12265|12120|12115|12265|12143|12265|12194|12144|12144|12265|12142|12265|12265|12194|12194|8140|8172|8340|8242|8312|8342|8412|8440|8173|8112|3065|2035|4095|5125|6226|5036|3126|4096|5036|2066,500|500|500|500|500|500|500|500|500|500|500|500|500|500|500|500|500|500|500|150|150|150|150|150|150|150|150|150|150|50|300|200|200|10|200|50|200|200|300,1,250,250
373,12264|12194|12264|12194|12264|12115|12114|12264|12144|12144|12194|12142|12194|12264|12144|12264|12264|12161|12161|12162|11321|11311|4066|2126|5096|3036|2126|5036|3126|4096|5036|2066|8015|8044|8068|8112|8440|8413|8342|8320|8566|8620,500|500|500|500|500|500|500|500|500|500|500|500|500|500|500|500|500|500|500|500|50|50|200|300|200|50|300|200|50|200|200|300|150|150|150|150|150|150|150|150|150|150,1,250,250
374,12264|12194|12264|12194|12264|12123|12123|12123|12264|12142|12142|12194|12143|12194|12264|12142|12264|12264|12161|12162|12151|11331|12155|5096|2036|3066|4126|2126|5096|3036|2126|5036|3126|8270|8243|8214|8015|8069|8113|8174|8143|8652|8710,500|500|500|500|500|500|500|500|500|500|500|500|500|500|500|500|500|500|500|500|500|50|500|200|300|50|200|300|200|50|300|200|50|150|150|150|150|150|150|150|150|150|150,1,250,250
375,12194|12194|12265|12194|12265|12118|12119|12120|12144|12144|12265|12194|12142|12143|12265|12265|12162|12162|12152|11341|2036|4096|3066|5126|3066|8015|8044|8069|8114|8143|8175|8215|8271|8314|8344|4037|5067|2097|3127|4016,500|500|500|500|500|500|500|500|500|500|500|500|500|500|500|500|500|500|500|50|300|200|50|200|50|150|150|150|150|150|150|150|150|150|150|200|200|300|50|200,1,250,250
376,12193|12267|12267|12193|12267|12128|12129|12130|12267|12142|12142|12193|12143|12193|12267|12142|12267|12267|12163|12164|12153|11351|5126|2036|4096|3066|2036|5036|4126|5036|2096|3066|8243|8214|8174|8442|8414|8016|8314|8244|8654|8621,500|500|500|500|500|500|500|500|500|500|500|500|500|500|500|500|500|500|500|500|500|50|200|300|200|50|300|200|200|200|300|50|150|150|150|150|150|150|150|150|150|150,1,250,250
377,12161|12162|12163|12164|12161|12162|12163|12164|11341|11331|11351|11361|12267|12267|12151|12152|12154|12153|11351|11361|3067|3097|3037|3127|5037|5127|4067|4097|2067|3037|3127|5067|5097|5640|3440|2440|4541|4541|3440|2440,500|500|500|500|500|500|500|500|50|50|50|50|500|500|500|500|500|500|50|50|50|50|50|50|200|200|200|200|300|50|50|200|200|200|50|300|200|200|50|300,1,250,250
378,12195|12195|12267|12195|12267|12267|12195|12267|12144|12267|12195|12144|12144|12267|12143|12267|12267|12163|12163|12154|11301|8270|8243|8173|8015|8043|8068|8313|8343|8413|8441|2096|5066|3126|4036|4066|8620|8589|8710|8737|8775,500|500|500|500|500|500|500|500|500|500|500|500|500|500|500|500|500|500|500|500|50|150|150|150|150|150|150|150|150|150|150|300|200|50|200|200|150|150|150|150|150,1,250,250
379,12195|12195|12267|12195|12267|12267|12195|12267|12142|12267|12195|12142|12195|12267|12144|12144|12267|12164|12153|12154|11361|8173|8440|8412|8342|8312|8270|8243|8214|8043|8015|3126|4036|5096|2066|3066|8774|8799|8835|8710|8588,500|500|500|500|500|500|500|500|500|500|500|500|500|500|500|500|500|500|500|500|50|150|150|150|150|150|150|150|150|150|150|50|200|200|300|50|150|150|150|150|150,1,250,250
380,12195|12270|8516|8681|8713|8739|8777|8801|8836|8860|8546|8567|8589|8621|8653|8861|8836|8802|8776|8738|8681|8655|8621|8590|8568|8548|8517|12153|12154|12155,500|500|150|150|150|150|150|150|150|150|150|150|150|150|150|150|150|150|150|150|150|150|150|150|150|150|150|500|500|500,1,250,250
381,12195|12270|12151|12152|12153|12154|12155|12156|12157|8861|8836|8802|8776|8738|8681|8655|8621|8590|8568|8548|8517|8518|8548|8590|8623|8656|8682|8714|8778|8838,500|500|500|500|500|500|500|500|500|150|150|150|150|150|150|150|150|150|150|150|150|150|150|150|150|150|150|150|150|150,1,250,250
382,8012|8041|8066|8110|8438|8140|8171|8211|8240|8410|8339|8310|8269|2433|3434|4534|5634|8511|8585|8678|8708|8735|8771|8541|8564|8618|8649|8798|8831|8857,150|150|150|150|150|150|150|150|150|150|150|150|150|300|50|200|200|150|150|150|150|150|150|150|150|150|150|150|150|150,1,250,250
383,8410|8310|8268|8438|8211|8171|8139|8012|8041|8066|8110|2533|4634|5334|3534|8858|8832|8773|8735|8512|8542|8565|8586|8619|8650|8679|8709|8799,150|150|150|150|150|150|150|150|150|150|150|300|200|200|50|150|150|150|150|150|150|150|150|150|150|150|150|150,1,250,250
384,8013|8041|8066|8111|8438|8140|8171|8212|8241|8268|8311|8410|5434|4334|3634|2633|8735|8512|8542|8565|8679|8709|8799|8858|8832|8586|8619|8773|8650,150|150|150|150|150|150|150|150|150|150|150|150|200|200|50|300|150|150|150|150|150|150|150|150|150|150|150|150|150,1,250,250
385,8410|8338|8311|8268|8242|8212|8172|8140|8013|8042|8066|8111|8438|4434|3334|2733|5534|8514|8544|8566|8735|8774|8652|8588|8679|8709|8833|8858|8800|8620,150|150|150|150|150|150|150|150|150|150|150|150|150|200|50|300|200|150|150|150|150|150|150|150|150|150|150|150|150|150,1,250,250
386,8042|8066|8111|8438|4434|3334|2733|5534|8514|8544|8566|8735|8774|8902|8910|8984|8903|8985|8961|8942|8954|8934|8969|8928|8977|8993|12231,150|150|150|150|200|50|300|200|150|150|150|150|150|150|150|150|150|150|150|150|150|150|150|150|150|150|500,1,250,250
387,12194|12264|12194|12264|12194|12264|12194|12264|12194|12264|12194|12264|12194|12264|12194|12264|12194|12153|12154|4097|2067|3037|5067|4067|2037|4037|3067|5037|2097|5127|4127|5097|2127|3097|11301|11311|11321|11331|11351,500|500|500|500|500|500|500|500|500|500|500|500|500|500|500|500|500|500|500|200|300|50|200|200|300|200|50|200|300|200|200|200|300|50|50|50|50|50|50,1,250,250
388,12194|12265|12194|12265|12194|12265|12161|12162|12163|12164|12161|12162|12163|11331|11341|11361|8410|8338|8313|8143|8272|8214|8016|8114|8344|8045|8442|8414|8069|8243|8621|8654|8680|8737|8800,500|500|500|500|500|500|500|500|500|500|500|500|500|50|50|50|150|150|150|150|150|150|150|150|150|150|150|150|150|150|150|150|150|150|150,1,250,250
389,10056,400,1,250,250
390,10056,400,1,250,250
391,10056,400,1,250,250
392,10056,400,1,250,250
393,10056,400,1,250,250
394,10056,400,1,250,250
395,10056,400,1,250,250
396,10056,400,1,250,250
397,10056,400,1,250,250
398,10056,400,1,250,250
399,10056,400,1,250,250
400,10056,400,1,250,250
401,8267|8065|8010|8210|8108|8339|8267|8408|8137|8039|8169|8309|8436|8239|8794|8823|8704|8853|8534|8643|8643|8764|8732|8615|8503,150|150|150|150|150|150|150|150|150|150|150|150|150|150|150|150|150|150|150|150|150|150|150|150|150,1,250,250
402,8239|8267|8339|8438|8410|8210|8065|8267|8170|8011|8310|8110|8138|8040|8706|8585|8856|8537|8564|8796|8507|8537|8827|8676,150|150|150|150|150|150|150|150|150|150|150|150|150|150|150|150|150|150|150|150|150|150|150|150,1,250,250
403,8411|8042|8140|8341|8269|8111|8067|8013|8439|8172|8311|8241|8212|8831|8649|8564|8771|8735|8678|8541|8585|8511|8798|8618,150|150|150|150|150|150|150|150|150|150|150|150|150|150|150|150|150|150|150|150|150|150|150|150,1,250,250
404,8312|8242|8412|8173|8440|8014|8342|8270|8141|8068|8043|8112|8213|8832|8773|8735|8512|8542|8565|8586|8619|8650|8679|8709|8799,150|150|150|150|150|150|150|150|150|150|150|150|150|150|150|150|150|150|150|150|150|150|150|150|150,1,250,250
405,8272|8143|8114|8313|8016|8069|8344|8442|8414|8045|8243|8182|8214|8544|8566|8735|8774|8652|8588|8679|8709|8833|8858|8800|8620,150|150|150|150|150|150|150|150|150|150|150|150|150|150|150|150|150|150|150|150|150|150|150|150|150,1,250,250
406,8045|8016|8069|8344|8143|8414|8175|8215|8244|8442|8272|8314|8860|8589|8567|8775|8653|8545|8516|8738|8681|8621|8802|8711|8836,150|150|150|150|150|150|150|150|150|150|150|150|150|150|150|150|150|150|150|150|150|150|150|150|150,1,250,250
410,10056,400,1,250,250
411,12119|12120|12114|12079|12079|12080|12065|12081|12078|12079|12066|12080|12082|12081|12067|12082|12065|12080|12081|12161|10308|12161|10316|8704|8615|8534|8503|8011|8040|8065|8109|8138|8210|2016|3016|4016|5016|3016|4016|5125|4035|2065|3095,500|500|500|500|500|500|500|500|500|500|500|500|500|500|500|500|500|500|500|500|400|500|400|150|150|150|150|150|150|150|150|150|150|300|50|200|200|50|200|200|200|300|50,1,250,250
412,12118|12124|12115|12080|12081|12066|12080|12082|12083|12081|12067|12080|12082|12084|12081|12068|12066|12082|12083|12162|10309|12162|10317|8564|8507|8537|8827|8212|8269|8341|8111|8140|8172|2016|4016|3125|4095|5035|2065|3095|4035|2125|5065,500|500|500|500|500|500|500|500|500|500|500|500|500|500|500|500|500|500|500|500|400|500|400|150|150|150|150|150|150|150|150|150|150|300|200|50|200|200|300|50|200|300|200,1,250,250
413,12125|12129|12130|12082|12082|12067|12081|12083|12066|12084|12068|12083|12067|12085|12082|12083|12084|12069|12086|12163|10310|12163|10318|8175|8344|8272|8442|8215|8016|8215|8271|8343|8016|3125|4095|5035|2065|3095|4035|4036|5096|2126|3066,500|500|500|500|500|500|500|500|500|500|500|500|500|500|500|500|500|500|500|500|400|500|400|150|150|150|150|150|150|150|150|150|150|50|200|200|300|50|200|200|200|300|50,1,250,250
414,12083|12082|12083|12067|12084|12083|12068|12084|12085|12087|12086|12069|12085|12084|12086|12088,500|500|500|500|500|500|500|500|500|500|500|500|500|500|500|500,1,250,250
416,10056,400,1,250,250
417,10056,400,1,250,250
418,10056,400,1,250,250
419,10056,400,1,250,250
420,10056,400,1,250,250
424,10056,400,1,250,250
425,10056,400,1,250,250
428,10056,400,1,250,250
430,10056,400,1,250,250
431,10056,400,1,250,250
432,12280|12280|12280|12280|12280|12280|12280|12280|12280|12280|12280|12280|12280|12280|10010|10029|12161|12162|12163|12164|7251|7008|8018|8116|8217|8246|8316|8416|8047|8145|8274|8346,500|500|500|500|500|500|500|500|500|500|500|500|500|500|400|400|500|500|500|500|100|100|150|150|150|150|150|150|150|150|150|150,1,250,250
433,12280|12280|12280|12280|12280|12280|12280|12280|12280|12280|12280|12280|12280|12280|10010|10029|12161|12162|12163|12164|7261|7088|8020|8049|8118|8147|8179,500|500|500|500|500|500|500|500|500|500|500|500|500|500|400|400|500|500|500|500|100|100|150|150|150|150|150,1,250,250
434,12280|12280|12280|12280|12280|12280|12280|12280|12280|12280|12280|12280|12280|12280|10010|10029|12161|12162|12163|12164|7271|7158|12157|8021|8050|8119|8148|8180,500|500|500|500|500|500|500|500|500|500|500|500|500|500|400|400|500|500|500|500|100|100|500|150|150|150|150|150,1,250,250
435,10056,400,1,250,250
436,10056,400,1,250,250
437,12280|12280|12280|12280|12280|12280|12280|12280|12280|12280|12280|12280|12280|12280|10010|10029|12161|12162|12163|12164|7011|8071|8019|8117|8218|8247,500|500|500|500|500|500|500|500|500|500|500|500|500|500|400|400|500|500|500|500|100|150|150|150|150|150,1,250,250
438,12280|12280|12280|12280|12280|12280|12280|12280|12280|12280|12280|12280|12280|12280|10010|10029|12161|12162|12163|12164|11303|11313|7091|12155|8248|8318|8446|8418|8147,500|500|500|500|500|500|500|500|500|500|500|500|500|500|400|400|500|500|500|500|50|50|100|500|150|150|150|150|150,1,250,250
439,10056,400,1,250,250
440,10056,400,1,250,250
441,12280|12280|12280|12280|12280|12280|12280|12280|12280|12280|12280|12280|12280|12280|10010|10029|12161|12162|12163|12164|7161|8317|8417|8048|8146|8275|8445|8178|8071|8177|8444,500|500|500|500|500|500|500|500|500|500|500|500|500|500|400|400|500|500|500|500|100|150|150|150|150|150|150|150|150|150|150,1,250,250
442,12280|12280|12280|12280|12280|12280|12280|12280|12280|12280|12280|12280|12280|12280|10010|10029|12161|12162|12163|12164|11323|11333|7020|12155|8446|8418|8318|8248|8219,500|500|500|500|500|500|500|500|500|500|500|500|500|500|400|400|500|500|500|500|50|50|100|500|150|150|150|150|150,1,250,250
443,10056,400,1,250,250
444,10056,400,1,250,250
445,12279|12279|12279|12279|12279|12279|12279|12279|12279|12279|12279|12279|12279|12279|10010|10029|12161|12162|12163|12164|7100|12151|8218|8247|8317|8417|8048|8146|8071|8445|8178|8317,500|500|500|500|500|500|500|500|500|500|500|500|500|500|400|400|500|500|500|500|100|500|150|150|150|150|150|150|150|150|150|150,1,250,250
447,10056,400,1,250,250
448,12278|12278|12278|12278|12278|12278|12278|12278|12278|12278|12278|12278|12278|12278|10010|10029|12161|12162|12163|12164|7170|12152|8020|8049|8118|8147|8179,500|500|500|500|500|500|500|500|500|500|500|500|500|500|400|400|500|500|500|500|100|500|150|150|150|150|150,1,250,250
449,10056,400,1,250,250
450,10056,400,1,250,250
451,12280|12280|12280|12280|12280|12280|12280|12280|12280|12280|12280|12280|12280|12280|10010|10029|12161|12162|12163|12164|11303|11313|7091|12155|8248|8219|8179|8147|8118,500|500|500|500|500|500|500|500|500|500|500|500|500|500|400|400|500|500|500|500|50|50|100|500|150|150|150|150|150,1,250,250
454,12282|12282|12282|12282|12282|12282|12282|12282|12282|12282|12282|12282|12282|12282|10010|10029|12161|12162|12163|12164|7251|7018|12153|8047|8177|8444|8346|8274,500|500|500|500|500|500|500|500|500|500|500|500|500|500|400|400|500|500|500|500|100|100|500|150|150|150|150|150,1,250,250
455,12282|12282|12282|12282|12282|12282|12282|12282|12282|12282|12282|12282|12282|12282|10010|10029|12161|12162|12163|12164|7261|11343|7098|12154|8317|8417|8048|8146|8275,500|500|500|500|500|500|500|500|500|500|500|500|500|500|400|400|500|500|500|500|100|50|100|500|150|150|150|150|150,1,250,250
456,12282|12282|12282|12282|12282|12282|12282|12282|12282|12282|12282|12282|12282|12282|10010|10029|12161|12162|12163|12164|7271|7168|8177|8071|8019|8117|8218,500|500|500|500|500|500|500|500|500|500|500|500|500|500|400|400|500|500|500|500|100|100|150|150|150|150|150,1,250,250
457,12282|12282|12282|12282|12282|12282|12282|12282|12282|12282|12282|12282|12282|12282|10010|10029|12161|12162|12163|12164|7251|7022,500|500|500|500|500|500|500|500|500|500|500|500|500|500|400|400|500|500|500|500|100|100,1,250,250
458,12282|12282|12282|12282|12282|12282|12282|12282|12282|12282|12282|12282|12282|12282|10010|10029|12161|12162|12163|12164|7261|7102,500|500|500|500|500|500|500|500|500|500|500|500|500|500|400|400|500|500|500|500|100|100,1,250,250
461,12282|12282|12282|12282|12282|12282|12282|12282|12282|12282|12282|12282|12282|12282|10010|10029|12161|12162|12163|12164|7271|7172|8071|8019|8117|8218|8247,500|500|500|500|500|500|500|500|500|500|500|500|500|500|400|400|500|500|500|500|100|100|150|150|150|150|150,1,250,250
462,12282|12282|12282|12282|12282|12282|12282|12282|12282|12282|12282|12282|12282|12282|10010|10029|12161|12162|12163|12164|7251|7023|8020|8049|8118|8147|8179,500|500|500|500|500|500|500|500|500|500|500|500|500|500|400|400|500|500|500|500|100|100|150|150|150|150|150,1,250,250
463,12282|12282|12282|12282|12282|12282|12282|12282|12282|12282|12282|12282|12282|12282|10010|10029|12161|12162|12163|12164|7261|7103,500|500|500|500|500|500|500|500|500|500|500|500|500|500|400|400|500|500|500|500|100|100,1,250,250
464,12282|12282|12282|12282|12282|12282|12282|12282|12282|12282|12282|12282|12282|12282|10010|10029|12161|12162|12163|12164|7271|7173,500|500|500|500|500|500|500|500|500|500|500|500|500|500|400|400|500|500|500|500|100|100,1,250,250
467,12282|12282|12282|12282|12282|12282|12282|12282|12282|12282|12282|12282|12282|12282|10010|10029|12161|12162|12163|12164|7251|7024|8219|8248|8276|8318|8347,500|500|500|500|500|500|500|500|500|500|500|500|500|500|400|400|500|500|500|500|100|100|150|150|150|150|150,1,250,250
468,12282|12282|12282|12282|12282|12282|12282|12282|12282|12282|12282|12282|12282|12282|10010|10029|12161|12162|12163|12164|7261|7174,500|500|500|500|500|500|500|500|500|500|500|500|500|500|400|400|500|500|500|500|100|100,1,250,250
472,12282|12282|12282|12282|12282|12282|12282|12282|12282|12282|12282|12282|12282|12282|10010|10029|12161|12162|12163|12164|7251|7103|12157|8247|8317|8275|8445|8178,500|500|500|500|500|500|500|500|500|500|500|500|500|500|400|400|500|500|500|500|100|100|500|150|150|150|150|150,1,250,250
473,12282|12282|12282|12282|12282|12282|12282|12282|12282|12282|12282|12282|12282|12282|10010|10029|12161|12162|12163|12164|7261|7104|8050|8277|8319|8419|8348,500|500|500|500|500|500|500|500|500|500|500|500|500|500|400|400|500|500|500|500|100|100|150|150|150|150|150,1,250,250
474,12282|12282|12282|12282|12282|12282|12282|12282|12282|12282|12282|12282|12282|12282|10010|10029|12161|12162|12163|12164|7271|7175,500|500|500|500|500|500|500|500|500|500|500|500|500|500|400|400|500|500|500|500|100|100,1,250,250
481,12281|12281|12281|12281|12281|12281|12281|12281|12281|12281|12281|12281|12281|12281|10010|10029|12161|12162|12163|12164|7021|8178|8275|8417|8146|8019,500|500|500|500|500|500|500|500|500|500|500|500|500|500|400|400|500|500|500|500|100|150|150|150|150|150,1,250,250
482,12281|12281|12281|12281|12281|12281|12281|12281|12281|12281|12281|12281|12281|12281|10010|10029|12161|12162|12163|12164|7171|12155|8020|8049|8276|8318|8347,500|500|500|500|500|500|500|500|500|500|500|500|500|500|400|400|500|500|500|500|100|500|150|150|150|150|150,1,250,250
485,12281|12281|12281|12281|12281|12281|12281|12281|12281|12281|12281|12281|12281|12281|10010|10029|12161|12162|12163|12164|7101|8417|8048|8247|8445|8019,500|500|500|500|500|500|500|500|500|500|500|500|500|500|400|400|500|500|500|500|100|150|150|150|150|150,1,250,250
486,12281|12281|12281|12281|12281|12281|12281|12281|12281|12281|12281|12281|12281|12281|10010|10029|12161|12162|12163|12164|7102|12156|8318|8419|8418|8277|8446,500|500|500|500|500|500|500|500|500|500|500|500|500|500|400|400|500|500|500|500|100|500|150|150|150|150|150,1,250,250
487,10056,400,1,250,250
488,10056,400,1,250,250
489,10056,400,1,250,250
490,10056,400,1,250,250
491,10056,400,1,250,250
492,10056,400,1,250,250
493,10056,400,1,250,250
494,10056,400,1,250,250
495,10056,400,1,250,250
496,10056,400,1,250,250
497,10056,400,1,250,250
498,10056,400,1,250,250
499,10056,400,1,250,250
500,10056,400,1,250,250
501,10056,400,1,250,250
502,10056,400,1,250,250
503,10056,400,1,250,250
504,10056,400,1,250,250
505,10056,400,1,250,250
506,10056,400,1,250,250
507,10056,400,1,250,250
508,10056,400,1,250,250
509,10056,400,1,250,250
510,10056,400,1,250,250
511,10056,400,1,250,250
512,10056,400,1,250,250
513,10056,400,1,250,250
514,10056,400,1,250,250
515,10056,400,1,250,250
516,10056,400,1,250,250
517,10056,400,1,250,250
518,10056,400,1,250,250
519,10056,400,1,250,250
520,10056,400,1,250,250
521,10056,400,1,250,250
522,10056,400,1,250,250
523,10056,400,1,250,250
524,10056,400,1,250,250
525,10056,400,1,250,250
526,10056,400,1,250,250
527,10056,400,1,250,250
528,10056,400,1,250,250
529,10056,400,1,250,250
530,10056,400,1,250,250
531,10056,400,1,250,250
532,10056,400,1,250,250
533,10056,400,1,250,250
534,10056,400,1,250,250
535,10056,400,1,250,250
536,10056,400,1,250,250
537,10056,400,1,250,250
538,10056,400,1,250,250
539,10056,400,1,250,250
540,10056,400,1,250,250
541,10056,400,1,250,250
542,10056,400,1,250,250
543,10056,400,1,250,250
544,10056,400,1,250,250
545,10056,400,1,250,250
546,10056,400,1,250,250
547,10056,400,1,250,250
548,10056,400,1,250,250
549,10056,400,1,250,250
550,10056,400,1,250,250
551,10056,400,1,250,250
552,10056,400,1,250,250
553,10056,400,1,250,250
554,10056,400,1,250,250
555,10056,400,1,250,250
556,10056,400,1,250,250
557,10056,400,1,250,250
558,10056,400,1,250,250
559,10056,400,1,250,250
560,10056,400,1,250,250
561,10056,400,1,250,250
562,10056,400,1,250,250
563,10056,400,1,250,250
564,10056,400,1,250,250
565,10056,400,1,250,250
566,10056,400,1,250,250
567,10056,400,1,250,250
568,10056,400,1,250,250
569,10056,400,1,250,250
570,10056,400,1,250,250
571,10056,400,1,250,250
572,10056,400,1,250,250
573,10056,400,1,250,250
574,10056,400,1,250,250
575,10056,400,1,250,250
576,10056,400,1,250,250
577,10056,400,1,250,250
578,10056,400,1,250,250
579,10056,400,1,250,250
580,10056,400,1,250,250
581,10056,400,1,250,250
582,10056,400,1,250,250
583,10056,400,1,250,250
584,10056,400,1,250,250
585,10056,400,1,250,250
586,10056,400,1,250,250
587,10056,400,1,250,250
588,10056,400,1,250,250
589,10056,400,1,250,250
590,10056,400,1,250,250
591,10056,400,1,250,250
592,10056,400,1,250,250
593,10056,400,1,250,250
594,10056,400,1,250,250
595,10056,400,1,250,250
596,10056,400,1,250,250
597,10056,400,1,250,250
598,10056,400,1,250,250
599,10056,400,1,250,250
600,10056,400,1,250,250
601,10056,400,1,250,250
602,10056,400,1,250,250
603,10056,400,1,250,250
604,10056,400,1,250,250
605,10056,400,1,250,250
606,10056,400,1,250,250
607,10056,400,1,250,250
608,10056,400,1,250,250

